#              ************************************,,,,
#              *****    GLOBAL ATTRIBUTES    ******,,,,
#              ************************************,,,,
#,,,,
#     PROJECT                         NSSDC,,,,
#     DISCIPLINE                      Space Physics>Interplanetary Studies,,,,
#     SOURCE_NAME                     OMNI (1AU IP Data)>Merged 5 minute Interplantary OMNI data,,,,
#     DATA_TYPE                       HRO>Definitive 5minute,,,,
#     DESCRIPTOR                      IMF, Plasma, Indices, Energetic Proton Flux,
#     DATA_VERSION                    1,,,,
#     TITLE                           Near-Earth Heliosphere Data (OMNI),,,,
#     TEXT                            5minute averaged definitive multispacecraft interplanetary parameters data,,,,
#                                     Additional information for all parameters are available from OMNI Data Documentation:                  ,,,,
#                                      https://omniweb.gsfc.nasa.gov/html/HROdocum.html                                                      ,,,,
#                                     Additional data access options available at  SPDF's OMNIWeb Service: https://omniweb.gsfc.nasa.gov/ow_m,,,,
#                                     Recent omni high resolution updates Release Notes: https://omniweb.gsfc.nasa.gov/html/hro_news.html    ,,,,
#     MODS                            created November 2006;,,,,
#                                     conversion to ISTP/IACG CDFs via SKTEditor Feb 2000,,,,
#                                     Time tags in CDAWeb version were modified in March 2005 to use the,,,,
#                                     CDAWeb convention of having mid-average time tags rather than OMNI's,,,,
#                                     original convention of start-of-average time tags.,,,,
#     LOGICAL_FILE_ID                 omni_hro_5min_00000000_v01,,,,
#     PI_NAME                         J.H. King, N. Papatashvilli,,,
#     PI_AFFILIATION                  AdnetSystems, NASA GSFC,,,
#     GENERATION_DATE                 Ongoing,,,,
#     ACKNOWLEDGEMENT                 NSSDC,,,,
#     ADID_REF                        NSSD0110,,,,
#     RULES_OF_USE                    Public,,,,
#     INSTRUMENT_TYPE                 Plasma and Solar Wind,,,,
#                                     Magnetic Fields (space),,,,
#                                     Electric Fields (space),,,,
#     GENERATED_BY                    King/Papatashvilli,,,,
#     TIME_RESOLUTION                 5 minute,,,,
#     LOGICAL_SOURCE                  omni_hro_5min,,,,
#     LOGICAL_SOURCE_DESCRIPTION      OMNI Combined, Definitive, 5-minute IMF and Plasma, and Energetic Proton Fluxes,                       
#                                      Time-Shifted to the Nose  of the Earth's Bow Shock, plus Magnetic Indices                             ,,,
#     LINK_TEXT                       Additional information for all parameters are available from,,,,
#                                     Additional data access options available at,,,,
#                                     Recent omni high resolution updates,,,,
#     LINK_TITLE                      OMNI Data documentation,,,,
#                                     SPDF's OMNIWeb Service,,,,
#                                     Release Notes,,,,
#     HTTP_LINK                       https://omniweb.gsfc.nasa.gov/html/HROdocum.html,,,,
#                                     https://omniweb.gsfc.nasa.gov/ow_min.html,,,,
#                                     https://omniweb.gsfc.nasa.gov/html/hro_news.html,,,,
#     ALT_LOGICAL_SOURCE              Combined_OMNI_1AU-MagneticField-Plasma-HRO_5min_cdf,,,,
#     MISSION_GROUP                   OMNI (Combined 1AU IP Data; Magnetic and Solar Indices),,,,
#                                     ACE,,,,
#                                     Wind,,,,
#                                     IMP (All),,,,
#                                     !___Interplanetary Data near 1 AU,,,,
#     SPASE_DATASETRESOURCEID         spase://NASA/NumericalData/OMNI/HighResolutionObservations/Version1/PT5M,,,,
#     CDAWEB_PARENTS                  omni_hro_5min_00000000_v01,,,,
#                                     omni_hro_5min_19940301_v01,,,,
#     CDFMAJOR                        COL_MAJOR,,,,
#,,,,
#              ************************************,,,,
#              ****  RECORD VARYING VARIABLES  ****,,,,
#              ************************************,,,,
#,,,,
#  1. Epoch Time,,,,
#  2. AE - 5-minute AE-index, from WDC Kyoto (Final 1988/001-1988/182, Provisional 1990/001-2018/059),,
#  3. SYM/H - 5-minute SYM/H index,from WDC Kyoto (1981/001-2020/213),,,
#,,,,
EPOCH_TIME_yyyy-mm-ddThh:mm:ss.sssZ,5-M_AE_nT,SYM/H_INDEX_nT,,
1994-03-07T00:00:00.000Z,463,1,,
1994-03-07T00:05:00.000Z,418,-6,,
1994-03-07T00:10:00.000Z,432,-11,,
1994-03-07T00:15:00.000Z,405,-15,,
1994-03-07T00:20:00.000Z,335,-22,,
1994-03-07T00:25:00.000Z,304,-24,,
1994-03-07T00:30:00.000Z,380,-30,,
1994-03-07T00:35:00.000Z,443,-31,,
1994-03-07T00:40:00.000Z,614,-29,,
1994-03-07T00:45:00.000Z,675,-31,,
1994-03-07T00:50:00.000Z,540,-34,,
1994-03-07T00:55:00.000Z,508,-36,,
1994-03-07T01:00:00.000Z,319,-38,,
1994-03-07T01:05:00.000Z,361,-40,,
1994-03-07T01:10:00.000Z,330,-42,,
1994-03-07T01:15:00.000Z,257,-45,,
1994-03-07T01:20:00.000Z,292,-46,,
1994-03-07T01:25:00.000Z,390,-48,,
1994-03-07T01:30:00.000Z,314,-49,,
1994-03-07T01:35:00.000Z,297,-51,,
1994-03-07T01:40:00.000Z,307,-52,,
1994-03-07T01:45:00.000Z,319,-51,,
1994-03-07T01:50:00.000Z,321,-49,,
1994-03-07T01:55:00.000Z,299,-48,,
1994-03-07T02:00:00.000Z,373,-46,,
1994-03-07T02:05:00.000Z,382,-45,,
1994-03-07T02:10:00.000Z,367,-44,,
1994-03-07T02:15:00.000Z,389,-43,,
1994-03-07T02:20:00.000Z,358,-41,,
1994-03-07T02:25:00.000Z,332,-39,,
1994-03-07T02:30:00.000Z,294,-38,,
1994-03-07T02:35:00.000Z,265,-37,,
1994-03-07T02:40:00.000Z,253,-36,,
1994-03-07T02:45:00.000Z,219,-36,,
1994-03-07T02:50:00.000Z,206,-37,,
1994-03-07T02:55:00.000Z,173,-37,,
1994-03-07T03:00:00.000Z,136,-37,,
1994-03-07T03:05:00.000Z,146,-38,,
1994-03-07T03:10:00.000Z,202,-38,,
1994-03-07T03:15:00.000Z,347,-39,,
1994-03-07T03:20:00.000Z,280,-36,,
1994-03-07T03:25:00.000Z,285,-37,,
1994-03-07T03:30:00.000Z,269,-35,,
1994-03-07T03:35:00.000Z,221,-33,,
1994-03-07T03:40:00.000Z,175,-32,,
1994-03-07T03:45:00.000Z,232,-29,,
1994-03-07T03:50:00.000Z,285,-29,,
1994-03-07T03:55:00.000Z,356,-29,,
1994-03-07T04:00:00.000Z,353,-29,,
1994-03-07T04:05:00.000Z,302,-28,,
1994-03-07T04:10:00.000Z,256,-28,,
1994-03-07T04:15:00.000Z,266,-27,,
1994-03-07T04:20:00.000Z,234,-25,,
1994-03-07T04:25:00.000Z,227,-24,,
1994-03-07T04:30:00.000Z,327,-23,,
1994-03-07T04:35:00.000Z,415,-24,,
1994-03-07T04:40:00.000Z,407,-25,,
1994-03-07T04:45:00.000Z,437,-26,,
1994-03-07T04:50:00.000Z,362,-26,,
1994-03-07T04:55:00.000Z,313,-27,,
1994-03-07T05:00:00.000Z,288,-27,,
1994-03-07T05:05:00.000Z,293,-26,,
1994-03-07T05:10:00.000Z,302,-24,,
1994-03-07T05:15:00.000Z,245,-20,,
1994-03-07T05:20:00.000Z,291,-18,,
1994-03-07T05:25:00.000Z,384,-17,,
1994-03-07T05:30:00.000Z,445,-21,,
1994-03-07T05:35:00.000Z,610,-24,,
1994-03-07T05:40:00.000Z,750,-27,,
1994-03-07T05:45:00.000Z,798,-30,,
1994-03-07T05:50:00.000Z,809,-35,,
1994-03-07T05:55:00.000Z,740,-38,,
1994-03-07T06:00:00.000Z,680,-38,,
1994-03-07T06:05:00.000Z,580,-38,,
1994-03-07T06:10:00.000Z,525,-37,,
1994-03-07T06:15:00.000Z,550,-36,,
1994-03-07T06:20:00.000Z,526,-35,,
1994-03-07T06:25:00.000Z,571,-35,,
1994-03-07T06:30:00.000Z,603,-35,,
1994-03-07T06:35:00.000Z,553,-34,,
1994-03-07T06:40:00.000Z,576,-34,,
1994-03-07T06:45:00.000Z,499,-31,,
1994-03-07T06:50:00.000Z,495,-29,,
1994-03-07T06:55:00.000Z,406,-25,,
1994-03-07T07:00:00.000Z,442,-24,,
1994-03-07T07:05:00.000Z,456,-24,,
1994-03-07T07:10:00.000Z,462,-23,,
1994-03-07T07:15:00.000Z,461,-22,,
1994-03-07T07:20:00.000Z,440,-21,,
1994-03-07T07:25:00.000Z,451,-20,,
1994-03-07T07:30:00.000Z,438,-20,,
1994-03-07T07:35:00.000Z,368,-20,,
1994-03-07T07:40:00.000Z,379,-19,,
1994-03-07T07:45:00.000Z,350,-18,,
1994-03-07T07:50:00.000Z,475,-20,,
1994-03-07T07:55:00.000Z,447,-21,,
1994-03-07T08:00:00.000Z,346,-21,,
1994-03-07T08:05:00.000Z,340,-21,,
1994-03-07T08:10:00.000Z,392,-22,,
1994-03-07T08:15:00.000Z,325,-19,,
1994-03-07T08:20:00.000Z,272,-17,,
1994-03-07T08:25:00.000Z,219,-14,,
1994-03-07T08:30:00.000Z,255,-14,,
1994-03-07T08:35:00.000Z,282,-11,,
1994-03-07T08:40:00.000Z,388,-12,,
1994-03-07T08:45:00.000Z,452,-17,,
1994-03-07T08:50:00.000Z,455,-18,,
1994-03-07T08:55:00.000Z,419,-17,,
1994-03-07T09:00:00.000Z,531,-18,,
1994-03-07T09:05:00.000Z,520,-21,,
1994-03-07T09:10:00.000Z,660,-25,,
1994-03-07T09:15:00.000Z,733,-35,,
1994-03-07T09:20:00.000Z,493,-41,,
1994-03-07T09:25:00.000Z,687,-43,,
1994-03-07T09:30:00.000Z,676,-45,,
1994-03-07T09:35:00.000Z,762,-46,,
1994-03-07T09:40:00.000Z,790,-46,,
1994-03-07T09:45:00.000Z,780,-49,,
1994-03-07T09:50:00.000Z,769,-51,,
1994-03-07T09:55:00.000Z,849,-55,,
1994-03-07T10:00:00.000Z,627,-62,,
1994-03-07T10:05:00.000Z,582,-68,,
1994-03-07T10:10:00.000Z,530,-68,,
1994-03-07T10:15:00.000Z,557,-66,,
1994-03-07T10:20:00.000Z,542,-63,,
1994-03-07T10:25:00.000Z,566,-59,,
1994-03-07T10:30:00.000Z,501,-56,,
1994-03-07T10:35:00.000Z,448,-52,,
1994-03-07T10:40:00.000Z,384,-48,,
1994-03-07T10:45:00.000Z,363,-46,,
1994-03-07T10:50:00.000Z,328,-43,,
1994-03-07T10:55:00.000Z,278,-41,,
1994-03-07T11:00:00.000Z,287,-41,,
1994-03-07T11:05:00.000Z,238,-39,,
1994-03-07T11:10:00.000Z,206,-35,,
1994-03-07T11:15:00.000Z,156,-30,,
1994-03-07T11:20:00.000Z,175,-32,,
1994-03-07T11:25:00.000Z,259,-28,,
1994-03-07T11:30:00.000Z,224,-23,,
1994-03-07T11:35:00.000Z,276,-28,,
1994-03-07T11:40:00.000Z,213,-30,,
1994-03-07T11:45:00.000Z,231,-29,,
1994-03-07T11:50:00.000Z,215,-24,,
1994-03-07T11:55:00.000Z,266,-22,,
1994-03-07T12:00:00.000Z,353,-21,,
1994-03-07T12:05:00.000Z,363,-21,,
1994-03-07T12:10:00.000Z,394,-22,,
1994-03-07T12:15:00.000Z,380,-20,,
1994-03-07T12:20:00.000Z,550,-22,,
1994-03-07T12:25:00.000Z,594,-24,,
1994-03-07T12:30:00.000Z,580,-26,,
1994-03-07T12:35:00.000Z,564,-29,,
1994-03-07T12:40:00.000Z,421,-32,,
1994-03-07T12:45:00.000Z,337,-34,,
1994-03-07T12:50:00.000Z,290,-36,,
1994-03-07T12:55:00.000Z,253,-37,,
1994-03-07T13:00:00.000Z,242,-35,,
1994-03-07T13:05:00.000Z,234,-33,,
1994-03-07T13:10:00.000Z,221,-30,,
1994-03-07T13:15:00.000Z,201,-31,,
1994-03-07T13:20:00.000Z,226,-32,,
1994-03-07T13:25:00.000Z,244,-32,,
1994-03-07T13:30:00.000Z,327,-33,,
1994-03-07T13:35:00.000Z,460,-30,,
1994-03-07T13:40:00.000Z,542,-28,,
1994-03-07T13:45:00.000Z,637,-31,,
1994-03-07T13:50:00.000Z,701,-31,,
1994-03-07T13:55:00.000Z,651,-33,,
1994-03-07T14:00:00.000Z,593,-35,,
1994-03-07T14:05:00.000Z,790,-38,,
1994-03-07T14:10:00.000Z,903,-40,,
1994-03-07T14:15:00.000Z,871,-43,,
1994-03-07T14:20:00.000Z,820,-48,,
1994-03-07T14:25:00.000Z,766,-51,,
1994-03-07T14:30:00.000Z,773,-50,,
1994-03-07T14:35:00.000Z,796,-51,,
1994-03-07T14:40:00.000Z,813,-49,,
1994-03-07T14:45:00.000Z,867,-49,,
1994-03-07T14:50:00.000Z,934,-54,,
1994-03-07T14:55:00.000Z,939,-55,,
1994-03-07T15:00:00.000Z,777,-54,,
1994-03-07T15:05:00.000Z,734,-51,,
1994-03-07T15:10:00.000Z,766,-49,,
1994-03-07T15:15:00.000Z,820,-49,,
1994-03-07T15:20:00.000Z,737,-48,,
1994-03-07T15:25:00.000Z,861,-53,,
1994-03-07T15:30:00.000Z,1067,-60,,
1994-03-07T15:35:00.000Z,1099,-68,,
1994-03-07T15:40:00.000Z,994,-73,,
1994-03-07T15:45:00.000Z,892,-75,,
1994-03-07T15:50:00.000Z,1066,-77,,
1994-03-07T15:55:00.000Z,1188,-80,,
1994-03-07T16:00:00.000Z,1188,-78,,
1994-03-07T16:05:00.000Z,1171,-76,,
1994-03-07T16:10:00.000Z,1197,-75,,
1994-03-07T16:15:00.000Z,1335,-72,,
1994-03-07T16:20:00.000Z,1351,-71,,
1994-03-07T16:25:00.000Z,1500,-71,,
1994-03-07T16:30:00.000Z,1443,-75,,
1994-03-07T16:35:00.000Z,1527,-75,,
1994-03-07T16:40:00.000Z,1440,-77,,
1994-03-07T16:45:00.000Z,1311,-77,,
1994-03-07T16:50:00.000Z,1586,-79,,
1994-03-07T16:55:00.000Z,1425,-79,,
1994-03-07T17:00:00.000Z,980,-80,,
1994-03-07T17:05:00.000Z,1172,-80,,
1994-03-07T17:10:00.000Z,1240,-80,,
1994-03-07T17:15:00.000Z,943,-80,,
1994-03-07T17:20:00.000Z,934,-78,,
1994-03-07T17:25:00.000Z,932,-73,,
1994-03-07T17:30:00.000Z,1048,-68,,
1994-03-07T17:35:00.000Z,915,-64,,
1994-03-07T17:40:00.000Z,804,-63,,
1994-03-07T17:45:00.000Z,785,-65,,
1994-03-07T17:50:00.000Z,780,-63,,
1994-03-07T17:55:00.000Z,720,-64,,
1994-03-07T18:00:00.000Z,721,-63,,
1994-03-07T18:05:00.000Z,785,-57,,
1994-03-07T18:10:00.000Z,1083,-55,,
1994-03-07T18:15:00.000Z,1176,-62,,
1994-03-07T18:20:00.000Z,995,-64,,
1994-03-07T18:25:00.000Z,1028,-63,,
1994-03-07T18:30:00.000Z,1120,-58,,
1994-03-07T18:35:00.000Z,997,-53,,
1994-03-07T18:40:00.000Z,1007,-56,,
1994-03-07T18:45:00.000Z,1071,-57,,
1994-03-07T18:50:00.000Z,1314,-60,,
1994-03-07T18:55:00.000Z,1426,-64,,
1994-03-07T19:00:00.000Z,1028,-69,,
1994-03-07T19:05:00.000Z,698,-74,,
1994-03-07T19:10:00.000Z,985,-76,,
1994-03-07T19:15:00.000Z,1095,-78,,
1994-03-07T19:20:00.000Z,926,-81,,
1994-03-07T19:25:00.000Z,936,-82,,
1994-03-07T19:30:00.000Z,903,-82,,
1994-03-07T19:35:00.000Z,987,-82,,
1994-03-07T19:40:00.000Z,786,-84,,
1994-03-07T19:45:00.000Z,855,-84,,
1994-03-07T19:50:00.000Z,1231,-84,,
1994-03-07T19:55:00.000Z,770,-85,,
1994-03-07T20:00:00.000Z,675,-84,,
1994-03-07T20:05:00.000Z,907,-81,,
1994-03-07T20:10:00.000Z,1088,-85,,
1994-03-07T20:15:00.000Z,829,-84,,
1994-03-07T20:20:00.000Z,821,-79,,
1994-03-07T20:25:00.000Z,785,-80,,
1994-03-07T20:30:00.000Z,637,-86,,
1994-03-07T20:35:00.000Z,617,-88,,
1994-03-07T20:40:00.000Z,532,-90,,
1994-03-07T20:45:00.000Z,510,-88,,
1994-03-07T20:50:00.000Z,385,-87,,
1994-03-07T20:55:00.000Z,405,-85,,
1994-03-07T21:00:00.000Z,567,-84,,
1994-03-07T21:05:00.000Z,718,-85,,
1994-03-07T21:10:00.000Z,684,-79,,
1994-03-07T21:15:00.000Z,1034,-81,,
1994-03-07T21:20:00.000Z,1191,-87,,
1994-03-07T21:25:00.000Z,990,-94,,
1994-03-07T21:30:00.000Z,882,-97,,
1994-03-07T21:35:00.000Z,1067,-96,,
1994-03-07T21:40:00.000Z,1119,-96,,
1994-03-07T21:45:00.000Z,920,-94,,
1994-03-07T21:50:00.000Z,915,-96,,
1994-03-07T21:55:00.000Z,821,-101,,
1994-03-07T22:00:00.000Z,956,-99,,
1994-03-07T22:05:00.000Z,917,-104,,
1994-03-07T22:10:00.000Z,787,-98,,
1994-03-07T22:15:00.000Z,436,-98,,
1994-03-07T22:20:00.000Z,448,-90,,
1994-03-07T22:25:00.000Z,467,-85,,
1994-03-07T22:30:00.000Z,404,-81,,
1994-03-07T22:35:00.000Z,332,-77,,
1994-03-07T22:40:00.000Z,373,-75,,
1994-03-07T22:45:00.000Z,297,-74,,
1994-03-07T22:50:00.000Z,273,-78,,
1994-03-07T22:55:00.000Z,244,-78,,
1994-03-07T23:00:00.000Z,235,-79,,
1994-03-07T23:05:00.000Z,226,-76,,
1994-03-07T23:10:00.000Z,152,-75,,
1994-03-07T23:15:00.000Z,174,-72,,
1994-03-07T23:20:00.000Z,227,-67,,
1994-03-07T23:25:00.000Z,303,-66,,
1994-03-07T23:30:00.000Z,303,-67,,
1994-03-07T23:35:00.000Z,320,-70,,
1994-03-07T23:40:00.000Z,278,-71,,
1994-03-07T23:45:00.000Z,384,-73,,
1994-03-07T23:50:00.000Z,301,-69,,
1994-03-07T23:55:00.000Z,337,-64,,
1994-03-08T00:00:00.000Z,420,-64,,
1994-03-08T00:05:00.000Z,422,-61,,
1994-03-08T00:10:00.000Z,395,-59,,
1994-03-08T00:15:00.000Z,326,-60,,
1994-03-08T00:20:00.000Z,288,-62,,
1994-03-08T00:25:00.000Z,259,-61,,
1994-03-08T00:30:00.000Z,245,-60,,
1994-03-08T00:35:00.000Z,246,-57,,
1994-03-08T00:40:00.000Z,308,-56,,
1994-03-08T00:45:00.000Z,290,-58,,
1994-03-08T00:50:00.000Z,330,-59,,
1994-03-08T00:55:00.000Z,337,-60,,
1994-03-08T01:00:00.000Z,294,-61,,
1994-03-08T01:05:00.000Z,272,-59,,
1994-03-08T01:10:00.000Z,313,-56,,
1994-03-08T01:15:00.000Z,403,-54,,
1994-03-08T01:20:00.000Z,539,-61,,
1994-03-08T01:25:00.000Z,453,-66,,
1994-03-08T01:30:00.000Z,293,-64,,
1994-03-08T01:35:00.000Z,316,-65,,
1994-03-08T01:40:00.000Z,347,-65,,
1994-03-08T01:45:00.000Z,338,-68,,
1994-03-08T01:50:00.000Z,284,-70,,
1994-03-08T01:55:00.000Z,390,-68,,
1994-03-08T02:00:00.000Z,452,-67,,
1994-03-08T02:05:00.000Z,519,-68,,
1994-03-08T02:10:00.000Z,541,-68,,
1994-03-08T02:15:00.000Z,642,-71,,
1994-03-08T02:20:00.000Z,839,-77,,
1994-03-08T02:25:00.000Z,888,-80,,
1994-03-08T02:30:00.000Z,885,-82,,
1994-03-08T02:35:00.000Z,848,-84,,
1994-03-08T02:40:00.000Z,834,-84,,
1994-03-08T02:45:00.000Z,825,-83,,
1994-03-08T02:50:00.000Z,790,-85,,
1994-03-08T02:55:00.000Z,829,-84,,
1994-03-08T03:00:00.000Z,808,-86,,
1994-03-08T03:05:00.000Z,734,-88,,
1994-03-08T03:10:00.000Z,663,-86,,
1994-03-08T03:15:00.000Z,538,-84,,
1994-03-08T03:20:00.000Z,500,-82,,
1994-03-08T03:25:00.000Z,478,-79,,
1994-03-08T03:30:00.000Z,461,-79,,
1994-03-08T03:35:00.000Z,461,-81,,
1994-03-08T03:40:00.000Z,402,-83,,
1994-03-08T03:45:00.000Z,350,-82,,
1994-03-08T03:50:00.000Z,293,-80,,
1994-03-08T03:55:00.000Z,284,-79,,
1994-03-08T04:00:00.000Z,271,-77,,
1994-03-08T04:05:00.000Z,312,-73,,
1994-03-08T04:10:00.000Z,353,-71,,
1994-03-08T04:15:00.000Z,410,-68,,
1994-03-08T04:20:00.000Z,533,-65,,
1994-03-08T04:25:00.000Z,886,-68,,
1994-03-08T04:30:00.000Z,814,-71,,
1994-03-08T04:35:00.000Z,813,-75,,
1994-03-08T04:40:00.000Z,726,-77,,
1994-03-08T04:45:00.000Z,576,-75,,
1994-03-08T04:50:00.000Z,455,-72,,
1994-03-08T04:55:00.000Z,684,-76,,
1994-03-08T05:00:00.000Z,889,-79,,
1994-03-08T05:05:00.000Z,635,-78,,
1994-03-08T05:10:00.000Z,563,-73,,
1994-03-08T05:15:00.000Z,709,-69,,
1994-03-08T05:20:00.000Z,773,-70,,
1994-03-08T05:25:00.000Z,925,-73,,
1994-03-08T05:30:00.000Z,1026,-73,,
1994-03-08T05:35:00.000Z,1056,-70,,
1994-03-08T05:40:00.000Z,982,-69,,
1994-03-08T05:45:00.000Z,767,-70,,
1994-03-08T05:50:00.000Z,681,-71,,
1994-03-08T05:55:00.000Z,612,-72,,
1994-03-08T06:00:00.000Z,635,-72,,
1994-03-08T06:05:00.000Z,658,-74,,
1994-03-08T06:10:00.000Z,724,-76,,
1994-03-08T06:15:00.000Z,820,-77,,
1994-03-08T06:20:00.000Z,869,-78,,
1994-03-08T06:25:00.000Z,835,-81,,
1994-03-08T06:30:00.000Z,778,-82,,
1994-03-08T06:35:00.000Z,803,-81,,
1994-03-08T06:40:00.000Z,763,-82,,
1994-03-08T06:45:00.000Z,656,-80,,
1994-03-08T06:50:00.000Z,640,-79,,
1994-03-08T06:55:00.000Z,557,-75,,
1994-03-08T07:00:00.000Z,512,-72,,
1994-03-08T07:05:00.000Z,390,-69,,
1994-03-08T07:10:00.000Z,300,-66,,
1994-03-08T07:15:00.000Z,287,-64,,
1994-03-08T07:20:00.000Z,280,-62,,
1994-03-08T07:25:00.000Z,290,-59,,
1994-03-08T07:30:00.000Z,223,-58,,
1994-03-08T07:35:00.000Z,242,-57,,
1994-03-08T07:40:00.000Z,239,-54,,
1994-03-08T07:45:00.000Z,286,-53,,
1994-03-08T07:50:00.000Z,346,-49,,
1994-03-08T07:55:00.000Z,443,-48,,
1994-03-08T08:00:00.000Z,505,-49,,
1994-03-08T08:05:00.000Z,561,-53,,
1994-03-08T08:10:00.000Z,627,-57,,
1994-03-08T08:15:00.000Z,609,-62,,
1994-03-08T08:20:00.000Z,666,-67,,
1994-03-08T08:25:00.000Z,772,-70,,
1994-03-08T08:30:00.000Z,817,-73,,
1994-03-08T08:35:00.000Z,1338,-72,,
1994-03-08T08:40:00.000Z,1087,-71,,
1994-03-08T08:45:00.000Z,938,-71,,
1994-03-08T08:50:00.000Z,914,-68,,
1994-03-08T08:55:00.000Z,872,-62,,
1994-03-08T09:00:00.000Z,731,-58,,
1994-03-08T09:05:00.000Z,754,-56,,
1994-03-08T09:10:00.000Z,672,-55,,
1994-03-08T09:15:00.000Z,452,-57,,
1994-03-08T09:20:00.000Z,427,-57,,
1994-03-08T09:25:00.000Z,543,-54,,
1994-03-08T09:30:00.000Z,879,-51,,
1994-03-08T09:35:00.000Z,806,-56,,
1994-03-08T09:40:00.000Z,750,-58,,
1994-03-08T09:45:00.000Z,609,-61,,
1994-03-08T09:50:00.000Z,551,-64,,
1994-03-08T09:55:00.000Z,511,-66,,
1994-03-08T10:00:00.000Z,601,-67,,
1994-03-08T10:05:00.000Z,579,-67,,
1994-03-08T10:10:00.000Z,523,-62,,
1994-03-08T10:15:00.000Z,353,-62,,
1994-03-08T10:20:00.000Z,300,-60,,
1994-03-08T10:25:00.000Z,289,-58,,
1994-03-08T10:30:00.000Z,458,-55,,
1994-03-08T10:35:00.000Z,480,-56,,
1994-03-08T10:40:00.000Z,487,-56,,
1994-03-08T10:45:00.000Z,431,-54,,
1994-03-08T10:50:00.000Z,486,-52,,
1994-03-08T10:55:00.000Z,498,-52,,
1994-03-08T11:00:00.000Z,436,-56,,
1994-03-08T11:05:00.000Z,296,-58,,
1994-03-08T11:10:00.000Z,234,-58,,
1994-03-08T11:15:00.000Z,236,-56,,
1994-03-08T11:20:00.000Z,337,-53,,
1994-03-08T11:25:00.000Z,331,-51,,
1994-03-08T11:30:00.000Z,361,-51,,
1994-03-08T11:35:00.000Z,734,-52,,
1994-03-08T11:40:00.000Z,856,-50,,
1994-03-08T11:45:00.000Z,895,-51,,
1994-03-08T11:50:00.000Z,807,-52,,
1994-03-08T11:55:00.000Z,615,-52,,
1994-03-08T12:00:00.000Z,763,-56,,
1994-03-08T12:05:00.000Z,851,-53,,
1994-03-08T12:10:00.000Z,805,-47,,
1994-03-08T12:15:00.000Z,543,-43,,
1994-03-08T12:20:00.000Z,471,-41,,
1994-03-08T12:25:00.000Z,537,-41,,
1994-03-08T12:30:00.000Z,644,-41,,
1994-03-08T12:35:00.000Z,699,-39,,
1994-03-08T12:40:00.000Z,656,-36,,
1994-03-08T12:45:00.000Z,648,-38,,
1994-03-08T12:50:00.000Z,605,-38,,
1994-03-08T12:55:00.000Z,571,-40,,
1994-03-08T13:00:00.000Z,585,-40,,
1994-03-08T13:05:00.000Z,596,-41,,
1994-03-08T13:10:00.000Z,708,-44,,
1994-03-08T13:15:00.000Z,824,-46,,
1994-03-08T13:20:00.000Z,1191,-49,,
1994-03-08T13:25:00.000Z,1283,-48,,
1994-03-08T13:30:00.000Z,1246,-49,,
1994-03-08T13:35:00.000Z,1279,-51,,
1994-03-08T13:40:00.000Z,1286,-53,,
1994-03-08T13:45:00.000Z,1271,-55,,
1994-03-08T13:50:00.000Z,1201,-58,,
1994-03-08T13:55:00.000Z,1205,-62,,
1994-03-08T14:00:00.000Z,1232,-61,,
1994-03-08T14:05:00.000Z,1325,-59,,
1994-03-08T14:10:00.000Z,1263,-57,,
1994-03-08T14:15:00.000Z,1254,-56,,
1994-03-08T14:20:00.000Z,1053,-57,,
1994-03-08T14:25:00.000Z,898,-54,,
1994-03-08T14:30:00.000Z,947,-52,,
1994-03-08T14:35:00.000Z,780,-51,,
1994-03-08T14:40:00.000Z,696,-50,,
1994-03-08T14:45:00.000Z,743,-50,,
1994-03-08T14:50:00.000Z,757,-51,,
1994-03-08T14:55:00.000Z,756,-51,,
1994-03-08T15:00:00.000Z,818,-52,,
1994-03-08T15:05:00.000Z,788,-53,,
1994-03-08T15:10:00.000Z,774,-54,,
1994-03-08T15:15:00.000Z,779,-55,,
1994-03-08T15:20:00.000Z,765,-50,,
1994-03-08T15:25:00.000Z,693,-45,,
1994-03-08T15:30:00.000Z,500,-41,,
1994-03-08T15:35:00.000Z,337,-38,,
1994-03-08T15:40:00.000Z,290,-40,,
1994-03-08T15:45:00.000Z,169,-39,,
1994-03-08T15:50:00.000Z,256,-38,,
1994-03-08T15:55:00.000Z,572,-35,,
1994-03-08T16:00:00.000Z,730,-35,,
1994-03-08T16:05:00.000Z,559,-38,,
1994-03-08T16:10:00.000Z,758,-37,,
1994-03-08T16:15:00.000Z,681,-35,,
1994-03-08T16:20:00.000Z,699,-35,,
1994-03-08T16:25:00.000Z,684,-35,,
1994-03-08T16:30:00.000Z,857,-34,,
1994-03-08T16:35:00.000Z,804,-35,,
1994-03-08T16:40:00.000Z,994,-37,,
1994-03-08T16:45:00.000Z,1062,-38,,
1994-03-08T16:50:00.000Z,868,-37,,
1994-03-08T16:55:00.000Z,846,-36,,
1994-03-08T17:00:00.000Z,736,-37,,
1994-03-08T17:05:00.000Z,691,-37,,
1994-03-08T17:10:00.000Z,588,-38,,
1994-03-08T17:15:00.000Z,445,-38,,
1994-03-08T17:20:00.000Z,386,-39,,
1994-03-08T17:25:00.000Z,323,-40,,
1994-03-08T17:30:00.000Z,354,-37,,
1994-03-08T17:35:00.000Z,431,-37,,
1994-03-08T17:40:00.000Z,481,-41,,
1994-03-08T17:45:00.000Z,532,-44,,
1994-03-08T17:50:00.000Z,611,-44,,
1994-03-08T17:55:00.000Z,702,-47,,
1994-03-08T18:00:00.000Z,747,-52,,
1994-03-08T18:05:00.000Z,704,-53,,
1994-03-08T18:10:00.000Z,682,-55,,
1994-03-08T18:15:00.000Z,820,-53,,
1994-03-08T18:20:00.000Z,823,-44,,
1994-03-08T18:25:00.000Z,694,-42,,
1994-03-08T18:30:00.000Z,766,-43,,
1994-03-08T18:35:00.000Z,690,-45,,
1994-03-08T18:40:00.000Z,972,-49,,
1994-03-08T18:45:00.000Z,964,-49,,
1994-03-08T18:50:00.000Z,692,-48,,
1994-03-08T18:55:00.000Z,685,-49,,
1994-03-08T19:00:00.000Z,672,-46,,
1994-03-08T19:05:00.000Z,598,-43,,
1994-03-08T19:10:00.000Z,374,-41,,
1994-03-08T19:15:00.000Z,371,-40,,
1994-03-08T19:20:00.000Z,331,-41,,
1994-03-08T19:25:00.000Z,277,-41,,
1994-03-08T19:30:00.000Z,266,-39,,
1994-03-08T19:35:00.000Z,214,-42,,
1994-03-08T19:40:00.000Z,295,-41,,
1994-03-08T19:45:00.000Z,338,-39,,
1994-03-08T19:50:00.000Z,400,-39,,
1994-03-08T19:55:00.000Z,541,-40,,
1994-03-08T20:00:00.000Z,606,-43,,
1994-03-08T20:05:00.000Z,549,-45,,
1994-03-08T20:10:00.000Z,558,-48,,
1994-03-08T20:15:00.000Z,580,-51,,
1994-03-08T20:20:00.000Z,548,-52,,
1994-03-08T20:25:00.000Z,511,-52,,
1994-03-08T20:30:00.000Z,508,-52,,
1994-03-08T20:35:00.000Z,516,-54,,
1994-03-08T20:40:00.000Z,524,-52,,
1994-03-08T20:45:00.000Z,542,-51,,
1994-03-08T20:50:00.000Z,591,-51,,
1994-03-08T20:55:00.000Z,563,-52,,
1994-03-08T21:00:00.000Z,603,-52,,
1994-03-08T21:05:00.000Z,452,-54,,
1994-03-08T21:10:00.000Z,434,-56,,
1994-03-08T21:15:00.000Z,480,-54,,
1994-03-08T21:20:00.000Z,460,-56,,
1994-03-08T21:25:00.000Z,435,-55,,
1994-03-08T21:30:00.000Z,463,-56,,
1994-03-08T21:35:00.000Z,376,-63,,
1994-03-08T21:40:00.000Z,597,-67,,
1994-03-08T21:45:00.000Z,697,-68,,
1994-03-08T21:50:00.000Z,490,-68,,
1994-03-08T21:55:00.000Z,458,-66,,
1994-03-08T22:00:00.000Z,429,-69,,
1994-03-08T22:05:00.000Z,397,-68,,
1994-03-08T22:10:00.000Z,386,-68,,
1994-03-08T22:15:00.000Z,335,-71,,
1994-03-08T22:20:00.000Z,343,-71,,
1994-03-08T22:25:00.000Z,346,-72,,
1994-03-08T22:30:00.000Z,425,-70,,
1994-03-08T22:35:00.000Z,349,-69,,
1994-03-08T22:40:00.000Z,285,-69,,
1994-03-08T22:45:00.000Z,367,-66,,
1994-03-08T22:50:00.000Z,502,-61,,
1994-03-08T22:55:00.000Z,591,-57,,
1994-03-08T23:00:00.000Z,663,-57,,
1994-03-08T23:05:00.000Z,626,-57,,
1994-03-08T23:10:00.000Z,656,-56,,
1994-03-08T23:15:00.000Z,864,-57,,
1994-03-08T23:20:00.000Z,874,-57,,
1994-03-08T23:25:00.000Z,752,-58,,
1994-03-08T23:30:00.000Z,657,-58,,
1994-03-08T23:35:00.000Z,637,-55,,
1994-03-08T23:40:00.000Z,426,-53,,
1994-03-08T23:45:00.000Z,295,-50,,
1994-03-08T23:50:00.000Z,240,-48,,
1994-03-08T23:55:00.000Z,199,-46,,
1994-03-09T00:00:00.000Z,294,-43,,
1994-03-09T00:05:00.000Z,220,-43,,
1994-03-09T00:10:00.000Z,275,-43,,
1994-03-09T00:15:00.000Z,245,-44,,
1994-03-09T00:20:00.000Z,257,-44,,
1994-03-09T00:25:00.000Z,297,-41,,
1994-03-09T00:30:00.000Z,349,-45,,
1994-03-09T00:35:00.000Z,275,-45,,
1994-03-09T00:40:00.000Z,356,-49,,
1994-03-09T00:45:00.000Z,302,-51,,
1994-03-09T00:50:00.000Z,469,-50,,
1994-03-09T00:55:00.000Z,544,-51,,
1994-03-09T01:00:00.000Z,546,-49,,
1994-03-09T01:05:00.000Z,617,-47,,
1994-03-09T01:10:00.000Z,761,-48,,
1994-03-09T01:15:00.000Z,590,-47,,
1994-03-09T01:20:00.000Z,517,-42,,
1994-03-09T01:25:00.000Z,545,-43,,
1994-03-09T01:30:00.000Z,629,-41,,
1994-03-09T01:35:00.000Z,707,-42,,
1994-03-09T01:40:00.000Z,689,-47,,
1994-03-09T01:45:00.000Z,791,-50,,
1994-03-09T01:50:00.000Z,743,-53,,
1994-03-09T01:55:00.000Z,761,-57,,
1994-03-09T02:00:00.000Z,842,-60,,
1994-03-09T02:05:00.000Z,843,-63,,
1994-03-09T02:10:00.000Z,826,-65,,
1994-03-09T02:15:00.000Z,861,-66,,
1994-03-09T02:20:00.000Z,811,-67,,
1994-03-09T02:25:00.000Z,764,-66,,
1994-03-09T02:30:00.000Z,901,-65,,
1994-03-09T02:35:00.000Z,1068,-64,,
1994-03-09T02:40:00.000Z,845,-64,,
1994-03-09T02:45:00.000Z,842,-63,,
1994-03-09T02:50:00.000Z,951,-64,,
1994-03-09T02:55:00.000Z,1142,-68,,
1994-03-09T03:00:00.000Z,1102,-70,,
1994-03-09T03:05:00.000Z,758,-72,,
1994-03-09T03:10:00.000Z,649,-73,,
1994-03-09T03:15:00.000Z,572,-72,,
1994-03-09T03:20:00.000Z,566,-70,,
1994-03-09T03:25:00.000Z,604,-67,,
1994-03-09T03:30:00.000Z,762,-57,,
1994-03-09T03:35:00.000Z,797,-54,,
1994-03-09T03:40:00.000Z,836,-54,,
1994-03-09T03:45:00.000Z,872,-54,,
1994-03-09T03:50:00.000Z,663,-55,,
1994-03-09T03:55:00.000Z,593,-54,,
1994-03-09T04:00:00.000Z,831,-53,,
1994-03-09T04:05:00.000Z,888,-55,,
1994-03-09T04:10:00.000Z,854,-58,,
1994-03-09T04:15:00.000Z,615,-61,,
1994-03-09T04:20:00.000Z,476,-59,,
1994-03-09T04:25:00.000Z,403,-57,,
1994-03-09T04:30:00.000Z,457,-56,,
1994-03-09T04:35:00.000Z,376,-56,,
1994-03-09T04:40:00.000Z,274,-55,,
1994-03-09T04:45:00.000Z,380,-54,,
1994-03-09T04:50:00.000Z,625,-54,,
1994-03-09T04:55:00.000Z,665,-56,,
1994-03-09T05:00:00.000Z,757,-54,,
1994-03-09T05:05:00.000Z,676,-51,,
1994-03-09T05:10:00.000Z,663,-51,,
1994-03-09T05:15:00.000Z,675,-52,,
1994-03-09T05:20:00.000Z,424,-51,,
1994-03-09T05:25:00.000Z,273,-49,,
1994-03-09T05:30:00.000Z,254,-48,,
1994-03-09T05:35:00.000Z,261,-47,,
1994-03-09T05:40:00.000Z,228,-46,,
1994-03-09T05:45:00.000Z,179,-46,,
1994-03-09T05:50:00.000Z,164,-45,,
1994-03-09T05:55:00.000Z,148,-45,,
1994-03-09T06:00:00.000Z,202,-43,,
1994-03-09T06:05:00.000Z,355,-41,,
1994-03-09T06:10:00.000Z,475,-40,,
1994-03-09T06:15:00.000Z,422,-43,,
1994-03-09T06:20:00.000Z,427,-47,,
1994-03-09T06:25:00.000Z,474,-52,,
1994-03-09T06:30:00.000Z,448,-57,,
1994-03-09T06:35:00.000Z,410,-59,,
1994-03-09T06:40:00.000Z,392,-54,,
1994-03-09T06:45:00.000Z,500,-51,,
1994-03-09T06:50:00.000Z,840,-50,,
1994-03-09T06:55:00.000Z,918,-53,,
1994-03-09T07:00:00.000Z,1285,-57,,
1994-03-09T07:05:00.000Z,1057,-62,,
1994-03-09T07:10:00.000Z,1206,-65,,
1994-03-09T07:15:00.000Z,916,-68,,
1994-03-09T07:20:00.000Z,1226,-64,,
1994-03-09T07:25:00.000Z,764,-57,,
1994-03-09T07:30:00.000Z,606,-56,,
1994-03-09T07:35:00.000Z,687,-54,,
1994-03-09T07:40:00.000Z,519,-52,,
1994-03-09T07:45:00.000Z,618,-52,,
1994-03-09T07:50:00.000Z,667,-51,,
1994-03-09T07:55:00.000Z,543,-51,,
1994-03-09T08:00:00.000Z,599,-52,,
1994-03-09T08:05:00.000Z,489,-50,,
1994-03-09T08:10:00.000Z,527,-48,,
1994-03-09T08:15:00.000Z,537,-48,,
1994-03-09T08:20:00.000Z,506,-48,,
1994-03-09T08:25:00.000Z,457,-47,,
1994-03-09T08:30:00.000Z,517,-48,,
1994-03-09T08:35:00.000Z,501,-48,,
1994-03-09T08:40:00.000Z,495,-48,,
1994-03-09T08:45:00.000Z,479,-49,,
1994-03-09T08:50:00.000Z,511,-50,,
1994-03-09T08:55:00.000Z,600,-51,,
1994-03-09T09:00:00.000Z,601,-54,,
1994-03-09T09:05:00.000Z,437,-55,,
1994-03-09T09:10:00.000Z,355,-53,,
1994-03-09T09:15:00.000Z,292,-51,,
1994-03-09T09:20:00.000Z,286,-49,,
1994-03-09T09:25:00.000Z,278,-46,,
1994-03-09T09:30:00.000Z,285,-44,,
1994-03-09T09:35:00.000Z,351,-42,,
1994-03-09T09:40:00.000Z,243,-42,,
1994-03-09T09:45:00.000Z,244,-41,,
1994-03-09T09:50:00.000Z,243,-35,,
1994-03-09T09:55:00.000Z,318,-36,,
1994-03-09T10:00:00.000Z,300,-37,,
1994-03-09T10:05:00.000Z,446,-40,,
1994-03-09T10:10:00.000Z,587,-39,,
1994-03-09T10:15:00.000Z,874,-36,,
1994-03-09T10:20:00.000Z,931,-36,,
1994-03-09T10:25:00.000Z,741,-39,,
1994-03-09T10:30:00.000Z,621,-41,,
1994-03-09T10:35:00.000Z,620,-44,,
1994-03-09T10:40:00.000Z,670,-43,,
1994-03-09T10:45:00.000Z,796,-44,,
1994-03-09T10:50:00.000Z,804,-43,,
1994-03-09T10:55:00.000Z,1026,-41,,
1994-03-09T11:00:00.000Z,1199,-41,,
1994-03-09T11:05:00.000Z,1088,-40,,
1994-03-09T11:10:00.000Z,1015,-43,,
1994-03-09T11:15:00.000Z,897,-47,,
1994-03-09T11:20:00.000Z,847,-49,,
1994-03-09T11:25:00.000Z,660,-52,,
1994-03-09T11:30:00.000Z,658,-54,,
1994-03-09T11:35:00.000Z,668,-53,,
1994-03-09T11:40:00.000Z,618,-54,,
1994-03-09T11:45:00.000Z,661,-57,,
1994-03-09T11:50:00.000Z,747,-59,,
1994-03-09T11:55:00.000Z,810,-59,,
1994-03-09T12:00:00.000Z,815,-58,,
1994-03-09T12:05:00.000Z,906,-59,,
1994-03-09T12:10:00.000Z,881,-59,,
1994-03-09T12:15:00.000Z,828,-58,,
1994-03-09T12:20:00.000Z,685,-58,,
1994-03-09T12:25:00.000Z,654,-55,,
1994-03-09T12:30:00.000Z,548,-51,,
1994-03-09T12:35:00.000Z,538,-51,,
1994-03-09T12:40:00.000Z,588,-51,,
1994-03-09T12:45:00.000Z,875,-51,,
1994-03-09T12:50:00.000Z,1230,-52,,
1994-03-09T12:55:00.000Z,972,-54,,
1994-03-09T13:00:00.000Z,960,-54,,
1994-03-09T13:05:00.000Z,973,-47,,
1994-03-09T13:10:00.000Z,788,-45,,
1994-03-09T13:15:00.000Z,712,-45,,
1994-03-09T13:20:00.000Z,556,-45,,
1994-03-09T13:25:00.000Z,655,-44,,
1994-03-09T13:30:00.000Z,729,-45,,
1994-03-09T13:35:00.000Z,888,-43,,
1994-03-09T13:40:00.000Z,939,-41,,
1994-03-09T13:45:00.000Z,874,-40,,
1994-03-09T13:50:00.000Z,753,-42,,
1994-03-09T13:55:00.000Z,835,-42,,
1994-03-09T14:00:00.000Z,931,-43,,
1994-03-09T14:05:00.000Z,1048,-42,,
1994-03-09T14:10:00.000Z,803,-44,,
1994-03-09T14:15:00.000Z,685,-43,,
1994-03-09T14:20:00.000Z,685,-43,,
1994-03-09T14:25:00.000Z,661,-43,,
1994-03-09T14:30:00.000Z,612,-39,,
1994-03-09T14:35:00.000Z,518,-39,,
1994-03-09T14:40:00.000Z,368,-40,,
1994-03-09T14:45:00.000Z,380,-40,,
1994-03-09T14:50:00.000Z,417,-38,,
1994-03-09T14:55:00.000Z,327,-36,,
1994-03-09T15:00:00.000Z,218,-36,,
1994-03-09T15:05:00.000Z,241,-36,,
1994-03-09T15:10:00.000Z,360,-37,,
1994-03-09T15:15:00.000Z,487,-38,,
1994-03-09T15:20:00.000Z,685,-41,,
1994-03-09T15:25:00.000Z,791,-43,,
1994-03-09T15:30:00.000Z,960,-48,,
1994-03-09T15:35:00.000Z,1060,-53,,
1994-03-09T15:40:00.000Z,1138,-57,,
1994-03-09T15:45:00.000Z,941,-58,,
1994-03-09T15:50:00.000Z,940,-50,,
1994-03-09T15:55:00.000Z,816,-47,,
1994-03-09T16:00:00.000Z,665,-47,,
1994-03-09T16:05:00.000Z,794,-46,,
1994-03-09T16:10:00.000Z,915,-45,,
1994-03-09T16:15:00.000Z,918,-41,,
1994-03-09T16:20:00.000Z,840,-38,,
1994-03-09T16:25:00.000Z,597,-37,,
1994-03-09T16:30:00.000Z,685,-36,,
1994-03-09T16:35:00.000Z,419,-36,,
1994-03-09T16:40:00.000Z,384,-36,,
1994-03-09T16:45:00.000Z,426,-37,,
1994-03-09T16:50:00.000Z,595,-38,,
1994-03-09T16:55:00.000Z,613,-42,,
1994-03-09T17:00:00.000Z,572,-42,,
1994-03-09T17:05:00.000Z,627,-44,,
1994-03-09T17:10:00.000Z,759,-47,,
1994-03-09T17:15:00.000Z,818,-49,,
1994-03-09T17:20:00.000Z,742,-50,,
1994-03-09T17:25:00.000Z,798,-52,,
1994-03-09T17:30:00.000Z,708,-52,,
1994-03-09T17:35:00.000Z,890,-48,,
1994-03-09T17:40:00.000Z,875,-48,,
1994-03-09T17:45:00.000Z,756,-45,,
1994-03-09T17:50:00.000Z,538,-43,,
1994-03-09T17:55:00.000Z,539,-42,,
1994-03-09T18:00:00.000Z,615,-41,,
1994-03-09T18:05:00.000Z,639,-41,,
1994-03-09T18:10:00.000Z,546,-42,,
1994-03-09T18:15:00.000Z,586,-40,,
1994-03-09T18:20:00.000Z,487,-41,,
1994-03-09T18:25:00.000Z,480,-42,,
1994-03-09T18:30:00.000Z,450,-40,,
1994-03-09T18:35:00.000Z,529,-40,,
1994-03-09T18:40:00.000Z,584,-42,,
1994-03-09T18:45:00.000Z,679,-44,,
1994-03-09T18:50:00.000Z,872,-47,,
1994-03-09T18:55:00.000Z,978,-49,,
1994-03-09T19:00:00.000Z,635,-50,,
1994-03-09T19:05:00.000Z,772,-50,,
1994-03-09T19:10:00.000Z,713,-51,,
1994-03-09T19:15:00.000Z,785,-50,,
1994-03-09T19:20:00.000Z,718,-48,,
1994-03-09T19:25:00.000Z,581,-49,,
1994-03-09T19:30:00.000Z,523,-54,,
1994-03-09T19:35:00.000Z,557,-54,,
1994-03-09T19:40:00.000Z,458,-52,,
1994-03-09T19:45:00.000Z,392,-52,,
1994-03-09T19:50:00.000Z,494,-48,,
1994-03-09T19:55:00.000Z,547,-46,,
1994-03-09T20:00:00.000Z,541,-47,,
1994-03-09T20:05:00.000Z,658,-47,,
1994-03-09T20:10:00.000Z,678,-47,,
1994-03-09T20:15:00.000Z,645,-46,,
1994-03-09T20:20:00.000Z,627,-53,,
1994-03-09T20:25:00.000Z,550,-55,,
1994-03-09T20:30:00.000Z,466,-57,,
1994-03-09T20:35:00.000Z,360,-62,,
1994-03-09T20:40:00.000Z,455,-64,,
1994-03-09T20:45:00.000Z,1019,-58,,
1994-03-09T20:50:00.000Z,1060,-55,,
1994-03-09T20:55:00.000Z,951,-50,,
1994-03-09T21:00:00.000Z,956,-51,,
1994-03-09T21:05:00.000Z,1045,-57,,
1994-03-09T21:10:00.000Z,858,-56,,
1994-03-09T21:15:00.000Z,878,-58,,
1994-03-09T21:20:00.000Z,1021,-56,,
1994-03-09T21:25:00.000Z,848,-54,,
1994-03-09T21:30:00.000Z,646,-53,,
1994-03-09T21:35:00.000Z,547,-54,,
1994-03-09T21:40:00.000Z,519,-58,,
1994-03-09T21:45:00.000Z,479,-57,,
1994-03-09T21:50:00.000Z,462,-56,,
1994-03-09T21:55:00.000Z,377,-57,,
1994-03-09T22:00:00.000Z,372,-58,,
1994-03-09T22:05:00.000Z,315,-57,,
1994-03-09T22:10:00.000Z,467,-55,,
1994-03-09T22:15:00.000Z,474,-57,,
1994-03-09T22:20:00.000Z,492,-58,,
1994-03-09T22:25:00.000Z,538,-55,,
1994-03-09T22:30:00.000Z,550,-55,,
1994-03-09T22:35:00.000Z,536,-54,,
1994-03-09T22:40:00.000Z,358,-54,,
1994-03-09T22:45:00.000Z,424,-56,,
1994-03-09T22:50:00.000Z,432,-54,,
1994-03-09T22:55:00.000Z,365,-51,,
1994-03-09T23:00:00.000Z,539,-50,,
1994-03-09T23:05:00.000Z,695,-50,,
1994-03-09T23:10:00.000Z,741,-54,,
1994-03-09T23:15:00.000Z,775,-56,,
1994-03-09T23:20:00.000Z,735,-55,,
1994-03-09T23:25:00.000Z,762,-55,,
1994-03-09T23:30:00.000Z,721,-56,,
1994-03-09T23:35:00.000Z,716,-54,,
1994-03-09T23:40:00.000Z,625,-52,,
1994-03-09T23:45:00.000Z,615,-51,,
1994-03-09T23:50:00.000Z,659,-53,,
1994-03-09T23:55:00.000Z,511,-55,,
1994-03-10T00:00:00.000Z,472,-57,,
1994-03-10T00:05:00.000Z,524,-56,,
1994-03-10T00:10:00.000Z,423,-56,,
1994-03-10T00:15:00.000Z,417,-56,,
1994-03-10T00:20:00.000Z,438,-56,,
1994-03-10T00:25:00.000Z,434,-56,,
1994-03-10T00:30:00.000Z,412,-55,,
1994-03-10T00:35:00.000Z,371,-54,,
1994-03-10T00:40:00.000Z,338,-53,,
1994-03-10T00:45:00.000Z,308,-53,,
1994-03-10T00:50:00.000Z,279,-51,,
1994-03-10T00:55:00.000Z,259,-50,,
1994-03-10T01:00:00.000Z,251,-51,,
1994-03-10T01:05:00.000Z,334,-48,,
1994-03-10T01:10:00.000Z,368,-48,,
1994-03-10T01:15:00.000Z,363,-49,,
1994-03-10T01:20:00.000Z,262,-49,,
1994-03-10T01:25:00.000Z,199,-51,,
1994-03-10T01:30:00.000Z,233,-51,,
1994-03-10T01:35:00.000Z,265,-50,,
1994-03-10T01:40:00.000Z,223,-50,,
1994-03-10T01:45:00.000Z,185,-52,,
1994-03-10T01:50:00.000Z,288,-52,,
1994-03-10T01:55:00.000Z,321,-54,,
1994-03-10T02:00:00.000Z,304,-55,,
1994-03-10T02:05:00.000Z,398,-53,,
1994-03-10T02:10:00.000Z,352,-55,,
1994-03-10T02:15:00.000Z,366,-53,,
1994-03-10T02:20:00.000Z,359,-49,,
1994-03-10T02:25:00.000Z,535,-48,,
1994-03-10T02:30:00.000Z,600,-49,,
1994-03-10T02:35:00.000Z,514,-50,,
1994-03-10T02:40:00.000Z,464,-52,,
1994-03-10T02:45:00.000Z,409,-54,,
1994-03-10T02:50:00.000Z,387,-54,,
1994-03-10T02:55:00.000Z,366,-56,,
1994-03-10T03:00:00.000Z,365,-58,,
1994-03-10T03:05:00.000Z,390,-57,,
1994-03-10T03:10:00.000Z,377,-56,,
1994-03-10T03:15:00.000Z,341,-54,,
1994-03-10T03:20:00.000Z,512,-51,,
1994-03-10T03:25:00.000Z,620,-50,,
1994-03-10T03:30:00.000Z,447,-53,,
1994-03-10T03:35:00.000Z,321,-55,,
1994-03-10T03:40:00.000Z,253,-58,,
1994-03-10T03:45:00.000Z,252,-61,,
1994-03-10T03:50:00.000Z,369,-60,,
1994-03-10T03:55:00.000Z,446,-60,,
1994-03-10T04:00:00.000Z,429,-60,,
1994-03-10T04:05:00.000Z,409,-59,,
1994-03-10T04:10:00.000Z,349,-57,,
1994-03-10T04:15:00.000Z,478,-53,,
1994-03-10T04:20:00.000Z,480,-52,,
1994-03-10T04:25:00.000Z,437,-53,,
1994-03-10T04:30:00.000Z,533,-53,,
1994-03-10T04:35:00.000Z,688,-52,,
1994-03-10T04:40:00.000Z,673,-53,,
1994-03-10T04:45:00.000Z,660,-53,,
1994-03-10T04:50:00.000Z,579,-52,,
1994-03-10T04:55:00.000Z,602,-53,,
1994-03-10T05:00:00.000Z,573,-51,,
1994-03-10T05:05:00.000Z,449,-51,,
1994-03-10T05:10:00.000Z,409,-50,,
1994-03-10T05:15:00.000Z,442,-48,,
1994-03-10T05:20:00.000Z,433,-48,,
1994-03-10T05:25:00.000Z,373,-50,,
1994-03-10T05:30:00.000Z,309,-50,,
1994-03-10T05:35:00.000Z,237,-51,,
1994-03-10T05:40:00.000Z,224,-52,,
1994-03-10T05:45:00.000Z,209,-51,,
1994-03-10T05:50:00.000Z,248,-50,,
1994-03-10T05:55:00.000Z,289,-46,,
1994-03-10T06:00:00.000Z,350,-44,,
1994-03-10T06:05:00.000Z,314,-43,,
1994-03-10T06:10:00.000Z,383,-44,,
1994-03-10T06:15:00.000Z,325,-42,,
1994-03-10T06:20:00.000Z,279,-43,,
1994-03-10T06:25:00.000Z,268,-45,,
1994-03-10T06:30:00.000Z,244,-46,,
1994-03-10T06:35:00.000Z,306,-48,,
1994-03-10T06:40:00.000Z,339,-46,,
1994-03-10T06:45:00.000Z,441,-42,,
1994-03-10T06:50:00.000Z,625,-41,,
1994-03-10T06:55:00.000Z,741,-44,,
1994-03-10T07:00:00.000Z,1302,-48,,
1994-03-10T07:05:00.000Z,1382,-52,,
1994-03-10T07:10:00.000Z,1315,-55,,
1994-03-10T07:15:00.000Z,1045,-59,,
1994-03-10T07:20:00.000Z,651,-58,,
1994-03-10T07:25:00.000Z,612,-51,,
1994-03-10T07:30:00.000Z,890,-44,,
1994-03-10T07:35:00.000Z,756,-40,,
1994-03-10T07:40:00.000Z,676,-36,,
1994-03-10T07:45:00.000Z,488,-33,,
1994-03-10T07:50:00.000Z,387,-31,,
1994-03-10T07:55:00.000Z,374,-32,,
1994-03-10T08:00:00.000Z,289,-31,,
1994-03-10T08:05:00.000Z,272,-31,,
1994-03-10T08:10:00.000Z,267,-31,,
1994-03-10T08:15:00.000Z,233,-31,,
1994-03-10T08:20:00.000Z,190,-31,,
1994-03-10T08:25:00.000Z,174,-31,,
1994-03-10T08:30:00.000Z,167,-32,,
1994-03-10T08:35:00.000Z,162,-33,,
1994-03-10T08:40:00.000Z,188,-34,,
1994-03-10T08:45:00.000Z,182,-30,,
1994-03-10T08:50:00.000Z,243,-29,,
1994-03-10T08:55:00.000Z,378,-27,,
1994-03-10T09:00:00.000Z,493,-28,,
1994-03-10T09:05:00.000Z,494,-31,,
1994-03-10T09:10:00.000Z,358,-33,,
1994-03-10T09:15:00.000Z,365,-33,,
1994-03-10T09:20:00.000Z,737,-33,,
1994-03-10T09:25:00.000Z,845,-39,,
1994-03-10T09:30:00.000Z,1086,-45,,
1994-03-10T09:35:00.000Z,1434,-47,,
1994-03-10T09:40:00.000Z,1203,-45,,
1994-03-10T09:45:00.000Z,1000,-47,,
1994-03-10T09:50:00.000Z,886,-44,,
1994-03-10T09:55:00.000Z,803,-41,,
1994-03-10T10:00:00.000Z,966,-40,,
1994-03-10T10:05:00.000Z,846,-40,,
1994-03-10T10:10:00.000Z,703,-39,,
1994-03-10T10:15:00.000Z,487,-39,,
1994-03-10T10:20:00.000Z,444,-39,,
1994-03-10T10:25:00.000Z,358,-38,,
1994-03-10T10:30:00.000Z,401,-37,,
1994-03-10T10:35:00.000Z,450,-37,,
1994-03-10T10:40:00.000Z,581,-36,,
1994-03-10T10:45:00.000Z,500,-35,,
1994-03-10T10:50:00.000Z,505,-37,,
1994-03-10T10:55:00.000Z,488,-38,,
1994-03-10T11:00:00.000Z,441,-38,,
1994-03-10T11:05:00.000Z,367,-41,,
1994-03-10T11:10:00.000Z,362,-43,,
1994-03-10T11:15:00.000Z,446,-46,,
1994-03-10T11:20:00.000Z,593,-48,,
1994-03-10T11:25:00.000Z,814,-47,,
1994-03-10T11:30:00.000Z,714,-44,,
1994-03-10T11:35:00.000Z,715,-41,,
1994-03-10T11:40:00.000Z,966,-40,,
1994-03-10T11:45:00.000Z,1103,-44,,
1994-03-10T11:50:00.000Z,935,-46,,
1994-03-10T11:55:00.000Z,701,-46,,
1994-03-10T12:00:00.000Z,811,-46,,
1994-03-10T12:05:00.000Z,890,-45,,
1994-03-10T12:10:00.000Z,668,-42,,
1994-03-10T12:15:00.000Z,677,-41,,
1994-03-10T12:20:00.000Z,562,-41,,
1994-03-10T12:25:00.000Z,530,-42,,
1994-03-10T12:30:00.000Z,593,-44,,
1994-03-10T12:35:00.000Z,592,-45,,
1994-03-10T12:40:00.000Z,701,-43,,
1994-03-10T12:45:00.000Z,576,-45,,
1994-03-10T12:50:00.000Z,582,-46,,
1994-03-10T12:55:00.000Z,580,-46,,
1994-03-10T13:00:00.000Z,625,-47,,
1994-03-10T13:05:00.000Z,497,-46,,
1994-03-10T13:10:00.000Z,563,-46,,
1994-03-10T13:15:00.000Z,615,-45,,
1994-03-10T13:20:00.000Z,796,-44,,
1994-03-10T13:25:00.000Z,912,-45,,
1994-03-10T13:30:00.000Z,949,-48,,
1994-03-10T13:35:00.000Z,880,-51,,
1994-03-10T13:40:00.000Z,666,-53,,
1994-03-10T13:45:00.000Z,601,-51,,
1994-03-10T13:50:00.000Z,658,-49,,
1994-03-10T13:55:00.000Z,688,-49,,
1994-03-10T14:00:00.000Z,807,-44,,
1994-03-10T14:05:00.000Z,721,-41,,
1994-03-10T14:10:00.000Z,730,-39,,
1994-03-10T14:15:00.000Z,650,-39,,
1994-03-10T14:20:00.000Z,605,-41,,
1994-03-10T14:25:00.000Z,905,-45,,
1994-03-10T14:30:00.000Z,913,-48,,
1994-03-10T14:35:00.000Z,1029,-50,,
1994-03-10T14:40:00.000Z,1224,-48,,
1994-03-10T14:45:00.000Z,1003,-47,,
1994-03-10T14:50:00.000Z,757,-47,,
1994-03-10T14:55:00.000Z,721,-47,,
1994-03-10T15:00:00.000Z,670,-47,,
1994-03-10T15:05:00.000Z,712,-45,,
1994-03-10T15:10:00.000Z,840,-46,,
1994-03-10T15:15:00.000Z,897,-49,,
1994-03-10T15:20:00.000Z,989,-52,,
1994-03-10T15:25:00.000Z,968,-54,,
1994-03-10T15:30:00.000Z,958,-55,,
1994-03-10T15:35:00.000Z,999,-56,,
1994-03-10T15:40:00.000Z,1009,-57,,
1994-03-10T15:45:00.000Z,967,-57,,
1994-03-10T15:50:00.000Z,937,-56,,
1994-03-10T15:55:00.000Z,948,-56,,
1994-03-10T16:00:00.000Z,813,-54,,
1994-03-10T16:05:00.000Z,676,-52,,
1994-03-10T16:10:00.000Z,859,-46,,
1994-03-10T16:15:00.000Z,732,-46,,
1994-03-10T16:20:00.000Z,846,-46,,
1994-03-10T16:25:00.000Z,624,-43,,
1994-03-10T16:30:00.000Z,501,-40,,
1994-03-10T16:35:00.000Z,430,-40,,
1994-03-10T16:40:00.000Z,419,-40,,
1994-03-10T16:45:00.000Z,436,-40,,
1994-03-10T16:50:00.000Z,650,-42,,
1994-03-10T16:55:00.000Z,723,-43,,
1994-03-10T17:00:00.000Z,419,-43,,
1994-03-10T17:05:00.000Z,324,-43,,
1994-03-10T17:10:00.000Z,381,-44,,
1994-03-10T17:15:00.000Z,364,-45,,
1994-03-10T17:20:00.000Z,396,-45,,
1994-03-10T17:25:00.000Z,385,-46,,
1994-03-10T17:30:00.000Z,298,-44,,
1994-03-10T17:35:00.000Z,315,-45,,
1994-03-10T17:40:00.000Z,287,-44,,
1994-03-10T17:45:00.000Z,274,-42,,
1994-03-10T17:50:00.000Z,225,-41,,
1994-03-10T17:55:00.000Z,264,-41,,
1994-03-10T18:00:00.000Z,329,-42,,
1994-03-10T18:05:00.000Z,294,-42,,
1994-03-10T18:10:00.000Z,353,-41,,
1994-03-10T18:15:00.000Z,601,-44,,
1994-03-10T18:20:00.000Z,842,-44,,
1994-03-10T18:25:00.000Z,799,-44,,
1994-03-10T18:30:00.000Z,952,-43,,
1994-03-10T18:35:00.000Z,966,-43,,
1994-03-10T18:40:00.000Z,745,-44,,
1994-03-10T18:45:00.000Z,713,-43,,
1994-03-10T18:50:00.000Z,691,-39,,
1994-03-10T18:55:00.000Z,608,-41,,
1994-03-10T19:00:00.000Z,635,-39,,
1994-03-10T19:05:00.000Z,631,-41,,
1994-03-10T19:10:00.000Z,557,-41,,
1994-03-10T19:15:00.000Z,594,-40,,
1994-03-10T19:20:00.000Z,689,-42,,
1994-03-10T19:25:00.000Z,811,-43,,
1994-03-10T19:30:00.000Z,877,-45,,
1994-03-10T19:35:00.000Z,691,-48,,
1994-03-10T19:40:00.000Z,684,-50,,
1994-03-10T19:45:00.000Z,737,-52,,
1994-03-10T19:50:00.000Z,786,-52,,
1994-03-10T19:55:00.000Z,516,-51,,
1994-03-10T20:00:00.000Z,667,-51,,
1994-03-10T20:05:00.000Z,1187,-47,,
1994-03-10T20:10:00.000Z,1472,-49,,
1994-03-10T20:15:00.000Z,1481,-49,,
1994-03-10T20:20:00.000Z,791,-49,,
1994-03-10T20:25:00.000Z,612,-49,,
1994-03-10T20:30:00.000Z,471,-49,,
1994-03-10T20:35:00.000Z,514,-49,,
1994-03-10T20:40:00.000Z,450,-47,,
1994-03-10T20:45:00.000Z,467,-49,,
1994-03-10T20:50:00.000Z,610,-45,,
1994-03-10T20:55:00.000Z,690,-42,,
1994-03-10T21:00:00.000Z,700,-42,,
1994-03-10T21:05:00.000Z,648,-46,,
1994-03-10T21:10:00.000Z,620,-47,,
1994-03-10T21:15:00.000Z,615,-49,,
1994-03-10T21:20:00.000Z,488,-53,,
1994-03-10T21:25:00.000Z,420,-58,,
1994-03-10T21:30:00.000Z,439,-60,,
1994-03-10T21:35:00.000Z,546,-61,,
1994-03-10T21:40:00.000Z,672,-58,,
1994-03-10T21:45:00.000Z,940,-55,,
1994-03-10T21:50:00.000Z,1063,-51,,
1994-03-10T21:55:00.000Z,1216,-51,,
1994-03-10T22:00:00.000Z,1232,-54,,
1994-03-10T22:05:00.000Z,1324,-56,,
1994-03-10T22:10:00.000Z,1130,-60,,
1994-03-10T22:15:00.000Z,975,-61,,
1994-03-10T22:20:00.000Z,968,-64,,
1994-03-10T22:25:00.000Z,866,-64,,
1994-03-10T22:30:00.000Z,916,-61,,
1994-03-10T22:35:00.000Z,818,-63,,
1994-03-10T22:40:00.000Z,785,-61,,
1994-03-10T22:45:00.000Z,846,-57,,
1994-03-10T22:50:00.000Z,1003,-57,,
1994-03-10T22:55:00.000Z,1025,-58,,
1994-03-10T23:00:00.000Z,783,-61,,
1994-03-10T23:05:00.000Z,618,-62,,
1994-03-10T23:10:00.000Z,652,-64,,
1994-03-10T23:15:00.000Z,615,-64,,
1994-03-10T23:20:00.000Z,705,-63,,
1994-03-10T23:25:00.000Z,606,-62,,
1994-03-10T23:30:00.000Z,674,-61,,
1994-03-10T23:35:00.000Z,595,-59,,
1994-03-10T23:40:00.000Z,557,-56,,
1994-03-10T23:45:00.000Z,537,-53,,
1994-03-10T23:50:00.000Z,539,-53,,
1994-03-10T23:55:00.000Z,492,-53,,
1994-03-11T00:00:00.000Z,469,-51,,
1994-03-11T00:05:00.000Z,452,-49,,
1994-03-11T00:10:00.000Z,435,-50,,
1994-03-11T00:15:00.000Z,421,-49,,
1994-03-11T00:20:00.000Z,429,-48,,
1994-03-11T00:25:00.000Z,476,-47,,
1994-03-11T00:30:00.000Z,478,-45,,
1994-03-11T00:35:00.000Z,428,-49,,
1994-03-11T00:40:00.000Z,441,-49,,
1994-03-11T00:45:00.000Z,431,-50,,
1994-03-11T00:50:00.000Z,408,-50,,
1994-03-11T00:55:00.000Z,441,-49,,
1994-03-11T01:00:00.000Z,510,-48,,
1994-03-11T01:05:00.000Z,450,-49,,
1994-03-11T01:10:00.000Z,415,-49,,
1994-03-11T01:15:00.000Z,408,-49,,
1994-03-11T01:20:00.000Z,399,-49,,
1994-03-11T01:25:00.000Z,297,-51,,
1994-03-11T01:30:00.000Z,292,-52,,
1994-03-11T01:35:00.000Z,263,-53,,
1994-03-11T01:40:00.000Z,399,-53,,
1994-03-11T01:45:00.000Z,522,-50,,
1994-03-11T01:50:00.000Z,628,-48,,
1994-03-11T01:55:00.000Z,627,-48,,
1994-03-11T02:00:00.000Z,445,-48,,
1994-03-11T02:05:00.000Z,703,-48,,
1994-03-11T02:10:00.000Z,511,-47,,
1994-03-11T02:15:00.000Z,509,-45,,
1994-03-11T02:20:00.000Z,426,-44,,
1994-03-11T02:25:00.000Z,396,-47,,
1994-03-11T02:30:00.000Z,249,-52,,
1994-03-11T02:35:00.000Z,122,-51,,
1994-03-11T02:40:00.000Z,115,-49,,
1994-03-11T02:45:00.000Z,135,-49,,
1994-03-11T02:50:00.000Z,142,-51,,
1994-03-11T02:55:00.000Z,130,-50,,
1994-03-11T03:00:00.000Z,106,-49,,
1994-03-11T03:05:00.000Z,85,-49,,
1994-03-11T03:10:00.000Z,226,-48,,
1994-03-11T03:15:00.000Z,389,-44,,
1994-03-11T03:20:00.000Z,352,-43,,
1994-03-11T03:25:00.000Z,287,-43,,
1994-03-11T03:30:00.000Z,369,-43,,
1994-03-11T03:35:00.000Z,336,-44,,
1994-03-11T03:40:00.000Z,218,-45,,
1994-03-11T03:45:00.000Z,538,-43,,
1994-03-11T03:50:00.000Z,719,-42,,
1994-03-11T03:55:00.000Z,659,-41,,
1994-03-11T04:00:00.000Z,819,-40,,
1994-03-11T04:05:00.000Z,812,-41,,
1994-03-11T04:10:00.000Z,735,-45,,
1994-03-11T04:15:00.000Z,626,-48,,
1994-03-11T04:20:00.000Z,669,-48,,
1994-03-11T04:25:00.000Z,625,-48,,
1994-03-11T04:30:00.000Z,641,-51,,
1994-03-11T04:35:00.000Z,841,-54,,
1994-03-11T04:40:00.000Z,671,-56,,
1994-03-11T04:45:00.000Z,693,-59,,
1994-03-11T04:50:00.000Z,790,-58,,
1994-03-11T04:55:00.000Z,817,-55,,
1994-03-11T05:00:00.000Z,1009,-53,,
1994-03-11T05:05:00.000Z,903,-50,,
1994-03-11T05:10:00.000Z,885,-50,,
1994-03-11T05:15:00.000Z,889,-50,,
1994-03-11T05:20:00.000Z,672,-50,,
1994-03-11T05:25:00.000Z,628,-50,,
1994-03-11T05:30:00.000Z,537,-49,,
1994-03-11T05:35:00.000Z,465,-48,,
1994-03-11T05:40:00.000Z,511,-47,,
1994-03-11T05:45:00.000Z,415,-47,,
1994-03-11T05:50:00.000Z,436,-47,,
1994-03-11T05:55:00.000Z,419,-45,,
1994-03-11T06:00:00.000Z,346,-44,,
1994-03-11T06:05:00.000Z,321,-43,,
1994-03-11T06:10:00.000Z,320,-42,,
1994-03-11T06:15:00.000Z,358,-41,,
1994-03-11T06:20:00.000Z,478,-40,,
1994-03-11T06:25:00.000Z,509,-40,,
1994-03-11T06:30:00.000Z,483,-40,,
1994-03-11T06:35:00.000Z,465,-41,,
1994-03-11T06:40:00.000Z,469,-43,,
1994-03-11T06:45:00.000Z,424,-44,,
1994-03-11T06:50:00.000Z,403,-44,,
1994-03-11T06:55:00.000Z,384,-42,,
1994-03-11T07:00:00.000Z,315,-42,,
1994-03-11T07:05:00.000Z,299,-42,,
1994-03-11T07:10:00.000Z,398,-40,,
1994-03-11T07:15:00.000Z,437,-40,,
1994-03-11T07:20:00.000Z,423,-41,,
1994-03-11T07:25:00.000Z,400,-41,,
1994-03-11T07:30:00.000Z,452,-40,,
1994-03-11T07:35:00.000Z,572,-37,,
1994-03-11T07:40:00.000Z,661,-37,,
1994-03-11T07:45:00.000Z,782,-39,,
1994-03-11T07:50:00.000Z,779,-42,,
1994-03-11T07:55:00.000Z,797,-46,,
1994-03-11T08:00:00.000Z,730,-50,,
1994-03-11T08:05:00.000Z,748,-54,,
1994-03-11T08:10:00.000Z,755,-57,,
1994-03-11T08:15:00.000Z,643,-59,,
1994-03-11T08:20:00.000Z,732,-59,,
1994-03-11T08:25:00.000Z,631,-59,,
1994-03-11T08:30:00.000Z,495,-58,,
1994-03-11T08:35:00.000Z,489,-57,,
1994-03-11T08:40:00.000Z,794,-58,,
1994-03-11T08:45:00.000Z,930,-57,,
1994-03-11T08:50:00.000Z,953,-55,,
1994-03-11T08:55:00.000Z,766,-56,,
1994-03-11T09:00:00.000Z,689,-54,,
1994-03-11T09:05:00.000Z,472,-55,,
1994-03-11T09:10:00.000Z,404,-51,,
1994-03-11T09:15:00.000Z,377,-49,,
1994-03-11T09:20:00.000Z,466,-49,,
1994-03-11T09:25:00.000Z,391,-47,,
1994-03-11T09:30:00.000Z,532,-42,,
1994-03-11T09:35:00.000Z,441,-41,,
1994-03-11T09:40:00.000Z,632,-42,,
1994-03-11T09:45:00.000Z,609,-43,,
1994-03-11T09:50:00.000Z,487,-43,,
1994-03-11T09:55:00.000Z,294,-43,,
1994-03-11T10:00:00.000Z,219,-40,,
1994-03-11T10:05:00.000Z,279,-39,,
1994-03-11T10:10:00.000Z,430,-40,,
1994-03-11T10:15:00.000Z,529,-42,,
1994-03-11T10:20:00.000Z,533,-43,,
1994-03-11T10:25:00.000Z,532,-43,,
1994-03-11T10:30:00.000Z,517,-44,,
1994-03-11T10:35:00.000Z,525,-43,,
1994-03-11T10:40:00.000Z,547,-47,,
1994-03-11T10:45:00.000Z,588,-51,,
1994-03-11T10:50:00.000Z,695,-53,,
1994-03-11T10:55:00.000Z,1074,-55,,
1994-03-11T11:00:00.000Z,660,-54,,
1994-03-11T11:05:00.000Z,585,-56,,
1994-03-11T11:10:00.000Z,552,-61,,
1994-03-11T11:15:00.000Z,703,-60,,
1994-03-11T11:20:00.000Z,586,-54,,
1994-03-11T11:25:00.000Z,761,-51,,
1994-03-11T11:30:00.000Z,1097,-50,,
1994-03-11T11:35:00.000Z,1052,-49,,
1994-03-11T11:40:00.000Z,828,-46,,
1994-03-11T11:45:00.000Z,805,-43,,
1994-03-11T11:50:00.000Z,893,-44,,
1994-03-11T11:55:00.000Z,869,-44,,
1994-03-11T12:00:00.000Z,807,-44,,
1994-03-11T12:05:00.000Z,829,-45,,
1994-03-11T12:10:00.000Z,826,-45,,
1994-03-11T12:15:00.000Z,839,-43,,
1994-03-11T12:20:00.000Z,881,-44,,
1994-03-11T12:25:00.000Z,893,-45,,
1994-03-11T12:30:00.000Z,1072,-47,,
1994-03-11T12:35:00.000Z,1080,-49,,
1994-03-11T12:40:00.000Z,867,-51,,
1994-03-11T12:45:00.000Z,692,-52,,
1994-03-11T12:50:00.000Z,606,-52,,
1994-03-11T12:55:00.000Z,655,-53,,
1994-03-11T13:00:00.000Z,593,-53,,
1994-03-11T13:05:00.000Z,591,-51,,
1994-03-11T13:10:00.000Z,633,-52,,
1994-03-11T13:15:00.000Z,724,-51,,
1994-03-11T13:20:00.000Z,631,-51,,
1994-03-11T13:25:00.000Z,563,-53,,
1994-03-11T13:30:00.000Z,561,-54,,
1994-03-11T13:35:00.000Z,640,-54,,
1994-03-11T13:40:00.000Z,627,-56,,
1994-03-11T13:45:00.000Z,727,-58,,
1994-03-11T13:50:00.000Z,754,-58,,
1994-03-11T13:55:00.000Z,829,-57,,
1994-03-11T14:00:00.000Z,760,-52,,
1994-03-11T14:05:00.000Z,851,-52,,
1994-03-11T14:10:00.000Z,993,-52,,
1994-03-11T14:15:00.000Z,797,-50,,
1994-03-11T14:20:00.000Z,710,-48,,
1994-03-11T14:25:00.000Z,808,-49,,
1994-03-11T14:30:00.000Z,801,-52,,
1994-03-11T14:35:00.000Z,712,-50,,
1994-03-11T14:40:00.000Z,691,-47,,
1994-03-11T14:45:00.000Z,727,-47,,
1994-03-11T14:50:00.000Z,675,-48,,
1994-03-11T14:55:00.000Z,822,-49,,
1994-03-11T15:00:00.000Z,910,-50,,
1994-03-11T15:05:00.000Z,933,-49,,
1994-03-11T15:10:00.000Z,953,-50,,
1994-03-11T15:15:00.000Z,825,-52,,
1994-03-11T15:20:00.000Z,831,-52,,
1994-03-11T15:25:00.000Z,765,-53,,
1994-03-11T15:30:00.000Z,816,-53,,
1994-03-11T15:35:00.000Z,711,-53,,
1994-03-11T15:40:00.000Z,681,-50,,
1994-03-11T15:45:00.000Z,744,-50,,
1994-03-11T15:50:00.000Z,850,-50,,
1994-03-11T15:55:00.000Z,1176,-49,,
1994-03-11T16:00:00.000Z,1056,-48,,
1994-03-11T16:05:00.000Z,694,-47,,
1994-03-11T16:10:00.000Z,736,-49,,
1994-03-11T16:15:00.000Z,730,-47,,
1994-03-11T16:20:00.000Z,563,-46,,
1994-03-11T16:25:00.000Z,508,-45,,
1994-03-11T16:30:00.000Z,408,-46,,
1994-03-11T16:35:00.000Z,402,-44,,
1994-03-11T16:40:00.000Z,366,-44,,
1994-03-11T16:45:00.000Z,370,-45,,
1994-03-11T16:50:00.000Z,431,-45,,
1994-03-11T16:55:00.000Z,401,-44,,
1994-03-11T17:00:00.000Z,468,-42,,
1994-03-11T17:05:00.000Z,692,-40,,
1994-03-11T17:10:00.000Z,585,-39,,
1994-03-11T17:15:00.000Z,553,-39,,
1994-03-11T17:20:00.000Z,720,-39,,
1994-03-11T17:25:00.000Z,719,-37,,
1994-03-11T17:30:00.000Z,591,-36,,
1994-03-11T17:35:00.000Z,399,-34,,
1994-03-11T17:40:00.000Z,357,-35,,
1994-03-11T17:45:00.000Z,409,-35,,
1994-03-11T17:50:00.000Z,413,-36,,
1994-03-11T17:55:00.000Z,262,-38,,
1994-03-11T18:00:00.000Z,186,-39,,
1994-03-11T18:05:00.000Z,149,-39,,
1994-03-11T18:10:00.000Z,152,-34,,
1994-03-11T18:15:00.000Z,201,-36,,
1994-03-11T18:20:00.000Z,116,-35,,
1994-03-11T18:25:00.000Z,173,-34,,
1994-03-11T18:30:00.000Z,267,-31,,
1994-03-11T18:35:00.000Z,494,-35,,
1994-03-11T18:40:00.000Z,470,-36,,
1994-03-11T18:45:00.000Z,527,-37,,
1994-03-11T18:50:00.000Z,533,-40,,
1994-03-11T18:55:00.000Z,487,-41,,
1994-03-11T19:00:00.000Z,529,-41,,
1994-03-11T19:05:00.000Z,460,-41,,
1994-03-11T19:10:00.000Z,506,-42,,
1994-03-11T19:15:00.000Z,522,-43,,
1994-03-11T19:20:00.000Z,560,-42,,
1994-03-11T19:25:00.000Z,601,-43,,
1994-03-11T19:30:00.000Z,533,-43,,
1994-03-11T19:35:00.000Z,547,-43,,
1994-03-11T19:40:00.000Z,621,-45,,
1994-03-11T19:45:00.000Z,583,-44,,
1994-03-11T19:50:00.000Z,626,-46,,
1994-03-11T19:55:00.000Z,498,-48,,
1994-03-11T20:00:00.000Z,380,-49,,
1994-03-11T20:05:00.000Z,466,-49,,
1994-03-11T20:10:00.000Z,536,-49,,
1994-03-11T20:15:00.000Z,477,-48,,
1994-03-11T20:20:00.000Z,377,-49,,
1994-03-11T20:25:00.000Z,318,-51,,
1994-03-11T20:30:00.000Z,353,-54,,
1994-03-11T20:35:00.000Z,355,-54,,
1994-03-11T20:40:00.000Z,403,-53,,
1994-03-11T20:45:00.000Z,583,-51,,
1994-03-11T20:50:00.000Z,626,-51,,
1994-03-11T20:55:00.000Z,709,-52,,
1994-03-11T21:00:00.000Z,647,-50,,
1994-03-11T21:05:00.000Z,643,-48,,
1994-03-11T21:10:00.000Z,701,-47,,
1994-03-11T21:15:00.000Z,671,-46,,
1994-03-11T21:20:00.000Z,461,-46,,
1994-03-11T21:25:00.000Z,485,-46,,
1994-03-11T21:30:00.000Z,473,-47,,
1994-03-11T21:35:00.000Z,444,-49,,
1994-03-11T21:40:00.000Z,386,-48,,
1994-03-11T21:45:00.000Z,490,-48,,
1994-03-11T21:50:00.000Z,570,-49,,
1994-03-11T21:55:00.000Z,512,-51,,
1994-03-11T22:00:00.000Z,551,-52,,
1994-03-11T22:05:00.000Z,514,-53,,
1994-03-11T22:10:00.000Z,544,-51,,
1994-03-11T22:15:00.000Z,546,-49,,
1994-03-11T22:20:00.000Z,527,-48,,
1994-03-11T22:25:00.000Z,488,-49,,
1994-03-11T22:30:00.000Z,429,-50,,
1994-03-11T22:35:00.000Z,487,-51,,
1994-03-11T22:40:00.000Z,568,-51,,
1994-03-11T22:45:00.000Z,786,-52,,
1994-03-11T22:50:00.000Z,1059,-51,,
1994-03-11T22:55:00.000Z,1030,-49,,
1994-03-11T23:00:00.000Z,1100,-47,,
1994-03-11T23:05:00.000Z,853,-46,,
1994-03-11T23:10:00.000Z,882,-44,,
1994-03-11T23:15:00.000Z,710,-43,,
1994-03-11T23:20:00.000Z,650,-44,,
1994-03-11T23:25:00.000Z,624,-43,,
1994-03-11T23:30:00.000Z,744,-43,,
1994-03-11T23:35:00.000Z,532,-42,,
1994-03-11T23:40:00.000Z,456,-39,,
1994-03-11T23:45:00.000Z,454,-39,,
1994-03-11T23:50:00.000Z,480,-40,,
1994-03-11T23:55:00.000Z,492,-39,,
1994-03-12T00:00:00.000Z,490,-38,,
1994-03-12T00:05:00.000Z,497,-34,,
1994-03-12T00:10:00.000Z,548,-32,,
1994-03-12T00:15:00.000Z,528,-32,,
1994-03-12T00:20:00.000Z,502,-32,,
1994-03-12T00:25:00.000Z,459,-32,,
1994-03-12T00:30:00.000Z,505,-29,,
1994-03-12T00:35:00.000Z,527,-34,,
1994-03-12T00:40:00.000Z,525,-33,,
1994-03-12T00:45:00.000Z,588,-33,,
1994-03-12T00:50:00.000Z,654,-34,,
1994-03-12T00:55:00.000Z,659,-35,,
1994-03-12T01:00:00.000Z,603,-36,,
1994-03-12T01:05:00.000Z,556,-36,,
1994-03-12T01:10:00.000Z,471,-35,,
1994-03-12T01:15:00.000Z,491,-36,,
1994-03-12T01:20:00.000Z,322,-36,,
1994-03-12T01:25:00.000Z,262,-35,,
1994-03-12T01:30:00.000Z,256,-33,,
1994-03-12T01:35:00.000Z,312,-32,,
1994-03-12T01:40:00.000Z,534,-31,,
1994-03-12T01:45:00.000Z,578,-32,,
1994-03-12T01:50:00.000Z,546,-34,,
1994-03-12T01:55:00.000Z,493,-34,,
1994-03-12T02:00:00.000Z,505,-33,,
1994-03-12T02:05:00.000Z,571,-34,,
1994-03-12T02:10:00.000Z,972,-31,,
1994-03-12T02:15:00.000Z,690,-30,,
1994-03-12T02:20:00.000Z,616,-30,,
1994-03-12T02:25:00.000Z,519,-33,,
1994-03-12T02:30:00.000Z,462,-32,,
1994-03-12T02:35:00.000Z,467,-33,,
1994-03-12T02:40:00.000Z,462,-32,,
1994-03-12T02:45:00.000Z,533,-33,,
1994-03-12T02:50:00.000Z,513,-34,,
1994-03-12T02:55:00.000Z,492,-36,,
1994-03-12T03:00:00.000Z,479,-38,,
1994-03-12T03:05:00.000Z,426,-38,,
1994-03-12T03:10:00.000Z,370,-37,,
1994-03-12T03:15:00.000Z,459,-38,,
1994-03-12T03:20:00.000Z,454,-40,,
1994-03-12T03:25:00.000Z,455,-41,,
1994-03-12T03:30:00.000Z,437,-44,,
1994-03-12T03:35:00.000Z,431,-45,,
1994-03-12T03:40:00.000Z,393,-46,,
1994-03-12T03:45:00.000Z,349,-45,,
1994-03-12T03:50:00.000Z,359,-44,,
1994-03-12T03:55:00.000Z,331,-44,,
1994-03-12T04:00:00.000Z,372,-46,,
1994-03-12T04:05:00.000Z,314,-46,,
1994-03-12T04:10:00.000Z,297,-45,,
1994-03-12T04:15:00.000Z,349,-45,,
1994-03-12T04:20:00.000Z,307,-46,,
1994-03-12T04:25:00.000Z,342,-43,,
1994-03-12T04:30:00.000Z,296,-43,,
1994-03-12T04:35:00.000Z,312,-43,,
1994-03-12T04:40:00.000Z,352,-41,,
1994-03-12T04:45:00.000Z,403,-41,,
1994-03-12T04:50:00.000Z,436,-40,,
1994-03-12T04:55:00.000Z,411,-44,,
1994-03-12T05:00:00.000Z,361,-49,,
1994-03-12T05:05:00.000Z,342,-50,,
1994-03-12T05:10:00.000Z,421,-48,,
1994-03-12T05:15:00.000Z,450,-47,,
1994-03-12T05:20:00.000Z,533,-49,,
1994-03-12T05:25:00.000Z,640,-52,,
1994-03-12T05:30:00.000Z,736,-53,,
1994-03-12T05:35:00.000Z,639,-56,,
1994-03-12T05:40:00.000Z,634,-59,,
1994-03-12T05:45:00.000Z,602,-62,,
1994-03-12T05:50:00.000Z,578,-64,,
1994-03-12T05:55:00.000Z,628,-65,,
1994-03-12T06:00:00.000Z,658,-67,,
1994-03-12T06:05:00.000Z,734,-65,,
1994-03-12T06:10:00.000Z,733,-63,,
1994-03-12T06:15:00.000Z,870,-61,,
1994-03-12T06:20:00.000Z,808,-61,,
1994-03-12T06:25:00.000Z,805,-60,,
1994-03-12T06:30:00.000Z,1093,-59,,
1994-03-12T06:35:00.000Z,1095,-61,,
1994-03-12T06:40:00.000Z,787,-60,,
1994-03-12T06:45:00.000Z,826,-57,,
1994-03-12T06:50:00.000Z,891,-53,,
1994-03-12T06:55:00.000Z,704,-52,,
1994-03-12T07:00:00.000Z,730,-54,,
1994-03-12T07:05:00.000Z,701,-54,,
1994-03-12T07:10:00.000Z,593,-53,,
1994-03-12T07:15:00.000Z,546,-53,,
1994-03-12T07:20:00.000Z,535,-52,,
1994-03-12T07:25:00.000Z,513,-51,,
1994-03-12T07:30:00.000Z,498,-49,,
1994-03-12T07:35:00.000Z,489,-49,,
1994-03-12T07:40:00.000Z,422,-47,,
1994-03-12T07:45:00.000Z,382,-47,,
1994-03-12T07:50:00.000Z,344,-46,,
1994-03-12T07:55:00.000Z,284,-46,,
1994-03-12T08:00:00.000Z,210,-45,,
1994-03-12T08:05:00.000Z,216,-44,,
1994-03-12T08:10:00.000Z,327,-42,,
1994-03-12T08:15:00.000Z,366,-40,,
1994-03-12T08:20:00.000Z,362,-40,,
1994-03-12T08:25:00.000Z,295,-41,,
1994-03-12T08:30:00.000Z,312,-41,,
1994-03-12T08:35:00.000Z,336,-41,,
1994-03-12T08:40:00.000Z,339,-40,,
1994-03-12T08:45:00.000Z,305,-41,,
1994-03-12T08:50:00.000Z,292,-42,,
1994-03-12T08:55:00.000Z,319,-41,,
1994-03-12T09:00:00.000Z,338,-41,,
1994-03-12T09:05:00.000Z,318,-43,,
1994-03-12T09:10:00.000Z,333,-43,,
1994-03-12T09:15:00.000Z,334,-44,,
1994-03-12T09:20:00.000Z,715,-45,,
1994-03-12T09:25:00.000Z,1010,-44,,
1994-03-12T09:30:00.000Z,1260,-44,,
1994-03-12T09:35:00.000Z,1228,-43,,
1994-03-12T09:40:00.000Z,1213,-39,,
1994-03-12T09:45:00.000Z,1099,-33,,
1994-03-12T09:50:00.000Z,840,-30,,
1994-03-12T09:55:00.000Z,689,-28,,
1994-03-12T10:00:00.000Z,428,-27,,
1994-03-12T10:05:00.000Z,319,-28,,
1994-03-12T10:10:00.000Z,374,-28,,
1994-03-12T10:15:00.000Z,372,-29,,
1994-03-12T10:20:00.000Z,387,-31,,
1994-03-12T10:25:00.000Z,421,-34,,
1994-03-12T10:30:00.000Z,541,-36,,
1994-03-12T10:35:00.000Z,589,-37,,
1994-03-12T10:40:00.000Z,559,-40,,
1994-03-12T10:45:00.000Z,575,-42,,
1994-03-12T10:50:00.000Z,508,-43,,
1994-03-12T10:55:00.000Z,486,-43,,
1994-03-12T11:00:00.000Z,449,-42,,
1994-03-12T11:05:00.000Z,477,-41,,
1994-03-12T11:10:00.000Z,468,-41,,
1994-03-12T11:15:00.000Z,487,-39,,
1994-03-12T11:20:00.000Z,500,-41,,
1994-03-12T11:25:00.000Z,564,-40,,
1994-03-12T11:30:00.000Z,553,-41,,
1994-03-12T11:35:00.000Z,545,-42,,
1994-03-12T11:40:00.000Z,500,-40,,
1994-03-12T11:45:00.000Z,489,-42,,
1994-03-12T11:50:00.000Z,484,-46,,
1994-03-12T11:55:00.000Z,527,-45,,
1994-03-12T12:00:00.000Z,454,-47,,
1994-03-12T12:05:00.000Z,405,-52,,
1994-03-12T12:10:00.000Z,352,-52,,
1994-03-12T12:15:00.000Z,576,-50,,
1994-03-12T12:20:00.000Z,786,-49,,
1994-03-12T12:25:00.000Z,595,-51,,
1994-03-12T12:30:00.000Z,944,-52,,
1994-03-12T12:35:00.000Z,620,-50,,
1994-03-12T12:40:00.000Z,450,-50,,
1994-03-12T12:45:00.000Z,329,-48,,
1994-03-12T12:50:00.000Z,292,-46,,
1994-03-12T12:55:00.000Z,522,-45,,
1994-03-12T13:00:00.000Z,672,-43,,
1994-03-12T13:05:00.000Z,660,-44,,
1994-03-12T13:10:00.000Z,750,-45,,
1994-03-12T13:15:00.000Z,848,-46,,
1994-03-12T13:20:00.000Z,868,-48,,
1994-03-12T13:25:00.000Z,912,-48,,
1994-03-12T13:30:00.000Z,1016,-49,,
1994-03-12T13:35:00.000Z,1059,-48,,
1994-03-12T13:40:00.000Z,1060,-47,,
1994-03-12T13:45:00.000Z,862,-46,,
1994-03-12T13:50:00.000Z,991,-45,,
1994-03-12T13:55:00.000Z,810,-42,,
1994-03-12T14:00:00.000Z,677,-43,,
1994-03-12T14:05:00.000Z,769,-41,,
1994-03-12T14:10:00.000Z,595,-41,,
1994-03-12T14:15:00.000Z,446,-40,,
1994-03-12T14:20:00.000Z,460,-40,,
1994-03-12T14:25:00.000Z,471,-40,,
1994-03-12T14:30:00.000Z,504,-40,,
1994-03-12T14:35:00.000Z,530,-40,,
1994-03-12T14:40:00.000Z,592,-38,,
1994-03-12T14:45:00.000Z,501,-36,,
1994-03-12T14:50:00.000Z,278,-36,,
1994-03-12T14:55:00.000Z,235,-35,,
1994-03-12T15:00:00.000Z,231,-35,,
1994-03-12T15:05:00.000Z,199,-36,,
1994-03-12T15:10:00.000Z,281,-36,,
1994-03-12T15:15:00.000Z,265,-36,,
1994-03-12T15:20:00.000Z,214,-35,,
1994-03-12T15:25:00.000Z,199,-35,,
1994-03-12T15:30:00.000Z,155,-36,,
1994-03-12T15:35:00.000Z,172,-36,,
1994-03-12T15:40:00.000Z,246,-35,,
1994-03-12T15:45:00.000Z,308,-34,,
1994-03-12T15:50:00.000Z,395,-34,,
1994-03-12T15:55:00.000Z,425,-33,,
1994-03-12T16:00:00.000Z,371,-33,,
1994-03-12T16:05:00.000Z,308,-33,,
1994-03-12T16:10:00.000Z,196,-32,,
1994-03-12T16:15:00.000Z,185,-33,,
1994-03-12T16:20:00.000Z,157,-32,,
1994-03-12T16:25:00.000Z,129,-33,,
1994-03-12T16:30:00.000Z,126,-33,,
1994-03-12T16:35:00.000Z,146,-34,,
1994-03-12T16:40:00.000Z,140,-32,,
1994-03-12T16:45:00.000Z,115,-32,,
1994-03-12T16:50:00.000Z,156,-32,,
1994-03-12T16:55:00.000Z,415,-34,,
1994-03-12T17:00:00.000Z,563,-35,,
1994-03-12T17:05:00.000Z,382,-34,,
1994-03-12T17:10:00.000Z,414,-33,,
1994-03-12T17:15:00.000Z,898,-33,,
1994-03-12T17:20:00.000Z,852,-33,,
1994-03-12T17:25:00.000Z,771,-33,,
1994-03-12T17:30:00.000Z,838,-33,,
1994-03-12T17:35:00.000Z,769,-32,,
1994-03-12T17:40:00.000Z,481,-31,,
1994-03-12T17:45:00.000Z,373,-30,,
1994-03-12T17:50:00.000Z,454,-29,,
1994-03-12T17:55:00.000Z,412,-29,,
1994-03-12T18:00:00.000Z,299,-29,,
1994-03-12T18:05:00.000Z,206,-30,,
1994-03-12T18:10:00.000Z,402,-31,,
1994-03-12T18:15:00.000Z,322,-30,,
1994-03-12T18:20:00.000Z,371,-30,,
1994-03-12T18:25:00.000Z,514,-30,,
1994-03-12T18:30:00.000Z,603,-32,,
1994-03-12T18:35:00.000Z,688,-34,,
1994-03-12T18:40:00.000Z,675,-36,,
1994-03-12T18:45:00.000Z,595,-39,,
1994-03-12T18:50:00.000Z,593,-40,,
1994-03-12T18:55:00.000Z,576,-42,,
1994-03-12T19:00:00.000Z,528,-44,,
1994-03-12T19:05:00.000Z,506,-45,,
1994-03-12T19:10:00.000Z,455,-44,,
1994-03-12T19:15:00.000Z,501,-41,,
1994-03-12T19:20:00.000Z,655,-41,,
1994-03-12T19:25:00.000Z,743,-40,,
1994-03-12T19:30:00.000Z,668,-40,,
1994-03-12T19:35:00.000Z,832,-39,,
1994-03-12T19:40:00.000Z,823,-39,,
1994-03-12T19:45:00.000Z,686,-39,,
1994-03-12T19:50:00.000Z,566,-35,,
1994-03-12T19:55:00.000Z,586,-30,,
1994-03-12T20:00:00.000Z,485,-31,,
1994-03-12T20:05:00.000Z,458,-30,,
1994-03-12T20:10:00.000Z,462,-32,,
1994-03-12T20:15:00.000Z,423,-31,,
1994-03-12T20:20:00.000Z,420,-31,,
1994-03-12T20:25:00.000Z,410,-31,,
1994-03-12T20:30:00.000Z,433,-29,,
1994-03-12T20:35:00.000Z,389,-28,,
1994-03-12T20:40:00.000Z,281,-27,,
1994-03-12T20:45:00.000Z,239,-28,,
1994-03-12T20:50:00.000Z,210,-28,,
1994-03-12T20:55:00.000Z,162,-27,,
1994-03-12T21:00:00.000Z,140,-27,,
1994-03-12T21:05:00.000Z,169,-28,,
1994-03-12T21:10:00.000Z,125,-28,,
1994-03-12T21:15:00.000Z,261,-24,,
1994-03-12T21:20:00.000Z,421,-27,,
1994-03-12T21:25:00.000Z,376,-30,,
1994-03-12T21:30:00.000Z,271,-30,,
1994-03-12T21:35:00.000Z,257,-32,,
1994-03-12T21:40:00.000Z,205,-31,,
1994-03-12T21:45:00.000Z,139,-31,,
1994-03-12T21:50:00.000Z,154,-33,,
1994-03-12T21:55:00.000Z,106,-33,,
1994-03-12T22:00:00.000Z,112,-34,,
1994-03-12T22:05:00.000Z,182,-33,,
1994-03-12T22:10:00.000Z,248,-32,,
1994-03-12T22:15:00.000Z,235,-32,,
1994-03-12T22:20:00.000Z,263,-31,,
1994-03-12T22:25:00.000Z,363,-32,,
1994-03-12T22:30:00.000Z,408,-31,,
1994-03-12T22:35:00.000Z,533,-31,,
1994-03-12T22:40:00.000Z,560,-30,,
1994-03-12T22:45:00.000Z,564,-29,,
1994-03-12T22:50:00.000Z,588,-28,,
1994-03-12T22:55:00.000Z,651,-28,,
1994-03-12T23:00:00.000Z,696,-28,,
1994-03-12T23:05:00.000Z,757,-29,,
1994-03-12T23:10:00.000Z,725,-32,,
1994-03-12T23:15:00.000Z,719,-35,,
1994-03-12T23:20:00.000Z,757,-39,,
1994-03-12T23:25:00.000Z,935,-43,,
1994-03-12T23:30:00.000Z,920,-45,,
1994-03-12T23:35:00.000Z,755,-45,,
1994-03-12T23:40:00.000Z,767,-45,,
1994-03-12T23:45:00.000Z,798,-45,,
1994-03-12T23:50:00.000Z,772,-44,,
1994-03-12T23:55:00.000Z,713,-43,,
1994-03-13T00:00:00.000Z,672,-41,,
1994-03-13T00:05:00.000Z,617,-38,,
1994-03-13T00:10:00.000Z,676,-35,,
1994-03-13T00:15:00.000Z,720,-32,,
1994-03-13T00:20:00.000Z,646,-32,,
1994-03-13T00:25:00.000Z,661,-32,,
1994-03-13T00:30:00.000Z,703,-33,,
1994-03-13T00:35:00.000Z,736,-36,,
1994-03-13T00:40:00.000Z,682,-38,,
1994-03-13T00:45:00.000Z,560,-39,,
1994-03-13T00:50:00.000Z,512,-38,,
1994-03-13T00:55:00.000Z,495,-38,,
1994-03-13T01:00:00.000Z,486,-39,,
1994-03-13T01:05:00.000Z,474,-34,,
1994-03-13T01:10:00.000Z,556,-31,,
1994-03-13T01:15:00.000Z,514,-32,,
1994-03-13T01:20:00.000Z,472,-35,,
1994-03-13T01:25:00.000Z,555,-38,,
1994-03-13T01:30:00.000Z,582,-41,,
1994-03-13T01:35:00.000Z,586,-40,,
1994-03-13T01:40:00.000Z,693,-39,,
1994-03-13T01:45:00.000Z,738,-40,,
1994-03-13T01:50:00.000Z,916,-42,,
1994-03-13T01:55:00.000Z,923,-44,,
1994-03-13T02:00:00.000Z,823,-47,,
1994-03-13T02:05:00.000Z,868,-50,,
1994-03-13T02:10:00.000Z,830,-49,,
1994-03-13T02:15:00.000Z,730,-49,,
1994-03-13T02:20:00.000Z,679,-51,,
1994-03-13T02:25:00.000Z,770,-51,,
1994-03-13T02:30:00.000Z,705,-52,,
1994-03-13T02:35:00.000Z,807,-52,,
1994-03-13T02:40:00.000Z,934,-52,,
1994-03-13T02:45:00.000Z,874,-52,,
1994-03-13T02:50:00.000Z,825,-51,,
1994-03-13T02:55:00.000Z,802,-51,,
1994-03-13T03:00:00.000Z,743,-53,,
1994-03-13T03:05:00.000Z,790,-53,,
1994-03-13T03:10:00.000Z,789,-54,,
1994-03-13T03:15:00.000Z,753,-55,,
1994-03-13T03:20:00.000Z,648,-55,,
1994-03-13T03:25:00.000Z,584,-55,,
1994-03-13T03:30:00.000Z,517,-52,,
1994-03-13T03:35:00.000Z,443,-49,,
1994-03-13T03:40:00.000Z,516,-45,,
1994-03-13T03:45:00.000Z,560,-40,,
1994-03-13T03:50:00.000Z,721,-39,,
1994-03-13T03:55:00.000Z,612,-42,,
1994-03-13T04:00:00.000Z,618,-45,,
1994-03-13T04:05:00.000Z,364,-48,,
1994-03-13T04:10:00.000Z,325,-50,,
1994-03-13T04:15:00.000Z,300,-53,,
1994-03-13T04:20:00.000Z,344,-53,,
1994-03-13T04:25:00.000Z,360,-52,,
1994-03-13T04:30:00.000Z,388,-54,,
1994-03-13T04:35:00.000Z,289,-55,,
1994-03-13T04:40:00.000Z,232,-55,,
1994-03-13T04:45:00.000Z,268,-54,,
1994-03-13T04:50:00.000Z,300,-53,,
1994-03-13T04:55:00.000Z,216,-52,,
1994-03-13T05:00:00.000Z,285,-52,,
1994-03-13T05:05:00.000Z,319,-52,,
1994-03-13T05:10:00.000Z,363,-54,,
1994-03-13T05:15:00.000Z,308,-53,,
1994-03-13T05:20:00.000Z,325,-53,,
1994-03-13T05:25:00.000Z,273,-53,,
1994-03-13T05:30:00.000Z,294,-53,,
1994-03-13T05:35:00.000Z,316,-53,,
1994-03-13T05:40:00.000Z,254,-52,,
1994-03-13T05:45:00.000Z,147,-50,,
1994-03-13T05:50:00.000Z,136,-48,,
1994-03-13T05:55:00.000Z,248,-47,,
1994-03-13T06:00:00.000Z,261,-46,,
1994-03-13T06:05:00.000Z,244,-47,,
1994-03-13T06:10:00.000Z,228,-48,,
1994-03-13T06:15:00.000Z,160,-48,,
1994-03-13T06:20:00.000Z,122,-48,,
1994-03-13T06:25:00.000Z,118,-47,,
1994-03-13T06:30:00.000Z,155,-46,,
1994-03-13T06:35:00.000Z,207,-44,,
1994-03-13T06:40:00.000Z,200,-43,,
1994-03-13T06:45:00.000Z,198,-41,,
1994-03-13T06:50:00.000Z,197,-41,,
1994-03-13T06:55:00.000Z,308,-40,,
1994-03-13T07:00:00.000Z,326,-40,,
1994-03-13T07:05:00.000Z,262,-40,,
1994-03-13T07:10:00.000Z,265,-39,,
1994-03-13T07:15:00.000Z,219,-41,,
1994-03-13T07:20:00.000Z,192,-42,,
1994-03-13T07:25:00.000Z,158,-45,,
1994-03-13T07:30:00.000Z,154,-46,,
1994-03-13T07:35:00.000Z,332,-46,,
1994-03-13T07:40:00.000Z,259,-45,,
1994-03-13T07:45:00.000Z,252,-42,,
1994-03-13T07:50:00.000Z,299,-41,,
1994-03-13T07:55:00.000Z,287,-42,,
1994-03-13T08:00:00.000Z,356,-44,,
1994-03-13T08:05:00.000Z,282,-45,,
1994-03-13T08:10:00.000Z,250,-44,,
1994-03-13T08:15:00.000Z,269,-44,,
1994-03-13T08:20:00.000Z,191,-44,,
1994-03-13T08:25:00.000Z,194,-40,,
1994-03-13T08:30:00.000Z,182,-39,,
1994-03-13T08:35:00.000Z,191,-40,,
1994-03-13T08:40:00.000Z,268,-43,,
1994-03-13T08:45:00.000Z,245,-42,,
1994-03-13T08:50:00.000Z,281,-42,,
1994-03-13T08:55:00.000Z,310,-42,,
1994-03-13T09:00:00.000Z,322,-42,,
1994-03-13T09:05:00.000Z,290,-42,,
1994-03-13T09:10:00.000Z,266,-43,,
1994-03-13T09:15:00.000Z,280,-43,,
1994-03-13T09:20:00.000Z,396,-42,,
1994-03-13T09:25:00.000Z,415,-44,,
1994-03-13T09:30:00.000Z,405,-45,,
1994-03-13T09:35:00.000Z,507,-47,,
1994-03-13T09:40:00.000Z,432,-48,,
1994-03-13T09:45:00.000Z,308,-45,,
1994-03-13T09:50:00.000Z,251,-47,,
1994-03-13T09:55:00.000Z,317,-45,,
1994-03-13T10:00:00.000Z,301,-43,,
1994-03-13T10:05:00.000Z,305,-44,,
1994-03-13T10:10:00.000Z,400,-42,,
1994-03-13T10:15:00.000Z,449,-43,,
1994-03-13T10:20:00.000Z,504,-42,,
1994-03-13T10:25:00.000Z,464,-39,,
1994-03-13T10:30:00.000Z,630,-38,,
1994-03-13T10:35:00.000Z,506,-34,,
1994-03-13T10:40:00.000Z,622,-33,,
1994-03-13T10:45:00.000Z,646,-33,,
1994-03-13T10:50:00.000Z,516,-37,,
1994-03-13T10:55:00.000Z,480,-36,,
1994-03-13T11:00:00.000Z,448,-33,,
1994-03-13T11:05:00.000Z,485,-30,,
1994-03-13T11:10:00.000Z,529,-34,,
1994-03-13T11:15:00.000Z,460,-38,,
1994-03-13T11:20:00.000Z,373,-34,,
1994-03-13T11:25:00.000Z,499,-30,,
1994-03-13T11:30:00.000Z,649,-28,,
1994-03-13T11:35:00.000Z,533,-29,,
1994-03-13T11:40:00.000Z,431,-29,,
1994-03-13T11:45:00.000Z,351,-30,,
1994-03-13T11:50:00.000Z,265,-31,,
1994-03-13T11:55:00.000Z,242,-32,,
1994-03-13T12:00:00.000Z,210,-32,,
1994-03-13T12:05:00.000Z,190,-32,,
1994-03-13T12:10:00.000Z,147,-33,,
1994-03-13T12:15:00.000Z,102,-33,,
1994-03-13T12:20:00.000Z,143,-31,,
1994-03-13T12:25:00.000Z,188,-31,,
1994-03-13T12:30:00.000Z,244,-32,,
1994-03-13T12:35:00.000Z,236,-32,,
1994-03-13T12:40:00.000Z,151,-31,,
1994-03-13T12:45:00.000Z,163,-31,,
1994-03-13T12:50:00.000Z,150,-32,,
1994-03-13T12:55:00.000Z,128,-32,,
1994-03-13T13:00:00.000Z,103,-33,,
1994-03-13T13:05:00.000Z,108,-32,,
1994-03-13T13:10:00.000Z,119,-32,,
1994-03-13T13:15:00.000Z,156,-32,,
1994-03-13T13:20:00.000Z,125,-30,,
1994-03-13T13:25:00.000Z,127,-30,,
1994-03-13T13:30:00.000Z,130,-31,,
1994-03-13T13:35:00.000Z,123,-32,,
1994-03-13T13:40:00.000Z,115,-32,,
1994-03-13T13:45:00.000Z,114,-31,,
1994-03-13T13:50:00.000Z,120,-31,,
1994-03-13T13:55:00.000Z,118,-31,,
1994-03-13T14:00:00.000Z,128,-32,,
1994-03-13T14:05:00.000Z,130,-32,,
1994-03-13T14:10:00.000Z,158,-33,,
1994-03-13T14:15:00.000Z,171,-33,,
1994-03-13T14:20:00.000Z,141,-31,,
1994-03-13T14:25:00.000Z,217,-31,,
1994-03-13T14:30:00.000Z,292,-32,,
1994-03-13T14:35:00.000Z,310,-33,,
1994-03-13T14:40:00.000Z,243,-32,,
1994-03-13T14:45:00.000Z,183,-33,,
1994-03-13T14:50:00.000Z,234,-35,,
1994-03-13T14:55:00.000Z,256,-35,,
1994-03-13T15:00:00.000Z,187,-35,,
1994-03-13T15:05:00.000Z,168,-36,,
1994-03-13T15:10:00.000Z,135,-33,,
1994-03-13T15:15:00.000Z,114,-32,,
1994-03-13T15:20:00.000Z,161,-32,,
1994-03-13T15:25:00.000Z,354,-35,,
1994-03-13T15:30:00.000Z,405,-36,,
1994-03-13T15:35:00.000Z,237,-37,,
1994-03-13T15:40:00.000Z,237,-34,,
1994-03-13T15:45:00.000Z,152,-32,,
1994-03-13T15:50:00.000Z,148,-32,,
1994-03-13T15:55:00.000Z,152,-31,,
1994-03-13T16:00:00.000Z,186,-31,,
1994-03-13T16:05:00.000Z,186,-31,,
1994-03-13T16:10:00.000Z,171,-29,,
1994-03-13T16:15:00.000Z,116,-26,,
1994-03-13T16:20:00.000Z,66,-26,,
1994-03-13T16:25:00.000Z,75,-32,,
1994-03-13T16:30:00.000Z,52,-31,,
1994-03-13T16:35:00.000Z,67,-30,,
1994-03-13T16:40:00.000Z,77,-28,,
1994-03-13T16:45:00.000Z,70,-28,,
1994-03-13T16:50:00.000Z,61,-27,,
1994-03-13T16:55:00.000Z,65,-28,,
1994-03-13T17:00:00.000Z,57,-28,,
1994-03-13T17:05:00.000Z,99,-28,,
1994-03-13T17:10:00.000Z,152,-28,,
1994-03-13T17:15:00.000Z,244,-29,,
1994-03-13T17:20:00.000Z,234,-31,,
1994-03-13T17:25:00.000Z,206,-31,,
1994-03-13T17:30:00.000Z,174,-30,,
1994-03-13T17:35:00.000Z,134,-30,,
1994-03-13T17:40:00.000Z,128,-29,,
1994-03-13T17:45:00.000Z,87,-27,,
1994-03-13T17:50:00.000Z,84,-27,,
1994-03-13T17:55:00.000Z,82,-28,,
1994-03-13T18:00:00.000Z,104,-28,,
1994-03-13T18:05:00.000Z,128,-27,,
1994-03-13T18:10:00.000Z,156,-27,,
1994-03-13T18:15:00.000Z,199,-25,,
1994-03-13T18:20:00.000Z,191,-24,,
1994-03-13T18:25:00.000Z,158,-26,,
1994-03-13T18:30:00.000Z,140,-26,,
1994-03-13T18:35:00.000Z,161,-25,,
1994-03-13T18:40:00.000Z,204,-25,,
1994-03-13T18:45:00.000Z,282,-25,,
1994-03-13T18:50:00.000Z,288,-26,,
1994-03-13T18:55:00.000Z,235,-29,,
1994-03-13T19:00:00.000Z,202,-28,,
1994-03-13T19:05:00.000Z,187,-28,,
1994-03-13T19:10:00.000Z,210,-28,,
1994-03-13T19:15:00.000Z,241,-28,,
1994-03-13T19:20:00.000Z,272,-29,,
1994-03-13T19:25:00.000Z,263,-30,,
1994-03-13T19:30:00.000Z,242,-29,,
1994-03-13T19:35:00.000Z,238,-29,,
1994-03-13T19:40:00.000Z,216,-28,,
1994-03-13T19:45:00.000Z,227,-29,,
1994-03-13T19:50:00.000Z,207,-30,,
1994-03-13T19:55:00.000Z,203,-31,,
1994-03-13T20:00:00.000Z,206,-29,,
1994-03-13T20:05:00.000Z,190,-29,,
1994-03-13T20:10:00.000Z,262,-29,,
1994-03-13T20:15:00.000Z,348,-27,,
1994-03-13T20:20:00.000Z,344,-27,,
1994-03-13T20:25:00.000Z,325,-29,,
1994-03-13T20:30:00.000Z,346,-29,,
1994-03-13T20:35:00.000Z,340,-30,,
1994-03-13T20:40:00.000Z,329,-31,,
1994-03-13T20:45:00.000Z,389,-32,,
1994-03-13T20:50:00.000Z,371,-32,,
1994-03-13T20:55:00.000Z,351,-32,,
1994-03-13T21:00:00.000Z,362,-32,,
1994-03-13T21:05:00.000Z,286,-34,,
1994-03-13T21:10:00.000Z,174,-36,,
1994-03-13T21:15:00.000Z,298,-34,,
1994-03-13T21:20:00.000Z,447,-31,,
1994-03-13T21:25:00.000Z,362,-31,,
1994-03-13T21:30:00.000Z,298,-30,,
1994-03-13T21:35:00.000Z,224,-32,,
1994-03-13T21:40:00.000Z,274,-31,,
1994-03-13T21:45:00.000Z,346,-31,,
1994-03-13T21:50:00.000Z,380,-31,,
1994-03-13T21:55:00.000Z,452,-33,,
1994-03-13T22:00:00.000Z,541,-33,,
1994-03-13T22:05:00.000Z,581,-33,,
1994-03-13T22:10:00.000Z,582,-32,,
1994-03-13T22:15:00.000Z,709,-31,,
1994-03-13T22:20:00.000Z,768,-29,,
1994-03-13T22:25:00.000Z,796,-31,,
1994-03-13T22:30:00.000Z,854,-31,,
1994-03-13T22:35:00.000Z,845,-30,,
1994-03-13T22:40:00.000Z,1050,-29,,
1994-03-13T22:45:00.000Z,906,-29,,
1994-03-13T22:50:00.000Z,830,-28,,
1994-03-13T22:55:00.000Z,777,-29,,
1994-03-13T23:00:00.000Z,683,-31,,
1994-03-13T23:05:00.000Z,596,-34,,
1994-03-13T23:10:00.000Z,488,-34,,
1994-03-13T23:15:00.000Z,586,-35,,
1994-03-13T23:20:00.000Z,729,-35,,
1994-03-13T23:25:00.000Z,818,-35,,
1994-03-13T23:30:00.000Z,835,-34,,
1994-03-13T23:35:00.000Z,898,-32,,
1994-03-13T23:40:00.000Z,853,-31,,
1994-03-13T23:45:00.000Z,823,-30,,
1994-03-13T23:50:00.000Z,825,-34,,
1994-03-13T23:55:00.000Z,771,-36,,
1994-03-14T00:00:00.000Z,755,-35,,
#  ,,,,
# Key Parameter and Survey data (labels K0,K1,K2) are preliminary browse data.,,
# Generated by CDAWeb on: Thu Feb 11 21:13:15 2021,,,,
